;Tweets;Followers;Following;Followers ratio;Listed;Replies/100derniers;Tweets with @mentions/100derniers;Tweets with #hashtags/100derniers;Retweets/100;Tweets with links/100derniers;Tweets with media/100derniers;Mot prefere;twitter;date_scrap;nom;DEPSIR
0;3681.0;5662.0;1023.0;5.53;131.0;1.0;55.0;49.0;8.0;92.0;0.0;modle;CedricRoussel06;01/01/2022;Cédric Roussel;0603
1;4956.0;4653.0;1215.0;3.83;82.0;5.0;60.0;13.0;15.0;82.0;1.0;cest;f_personne;01/01/2022;Pascale Fontenel-Personne;7203
2;6304.0;10539.0;1264.0;8.34;178.0;1.0;95.0;21.0;92.0;8.0;14.0;cest;guillaumekasba;01/01/2022;Guillaume Kasbarian;2801
3;6427.0;2594.0;1287.0;2.02;113.0;7.0;73.0;15.0;45.0;44.0;15.0;sant;Cisaacsibille;01/01/2022;Cyrille Isaac-Sibille;6912
4;3065.0;3773.0;812.0;4.65;130.0;6.0;77.0;51.0;46.0;53.0;3.0;cest;g_vuilletet;01/01/2022;Guillaume Vuilletet;9502
5;15579.0;66884.0;2546.0;26.27;739.0;1.0;66.0;31.0;49.0;48.0;8.0;cette;faureolivier;01/01/2022;Olivier Faure;7711
6;2528.0;6050.0;2482.0;2.44;124.0;7.0;89.0;34.0;65.0;33.0;0.0;merci;p_a_raphan;01/01/2022;Pierre-Alain Raphan;9110
7;446.0;1616.0;426.0;3.79;0.0;0.0;76.0;35.0;73.0;26.0;1.0;dputs;eanthoine26;01/01/2022;Emmanuelle Anthoine;2604
8;11294.0;9011.0;1112.0;8.1;175.0;55.0;84.0;11.0;22.0;51.0;2.0;cest;AChristine_Lang;01/01/2022;Anne-Christine Lang;7510
9;1470.0;3934.0;488.0;8.06;161.0;2.0;56.0;27.0;32.0;67.0;0.0;loi;Lvichnievsky;01/01/2022;Laurence Vichnievsky;6303
10;2948.0;5539.0;794.0;6.98;122.0;0.0;90.0;43.0;79.0;23.0;2.0;colloque;B_BessotBallot;01/01/2022;Barbara Bessot Ballot;7001
11;8901.0;26478.0;1205.0;21.97;243.0;4.0;74.0;16.0;54.0;45.0;13.0;cest;LauStmartin;01/01/2022;Laurent Saint-Martin;9403
12;3923.0;4848.0;1418.0;3.42;108.0;25.0;75.0;36.0;22.0;74.0;7.0;soutien;CaroleBBonnard;01/01/2022;Carole Bureau-Bonnard;6006
13;1534.0;4080.0;581.0;7.02;109.0;2.0;67.0;52.0;20.0;78.0;3.0;mandat;AnnaigLeMeur_AN;01/01/2022;Annaïg Le Meur;2901
14;0.0;0.0;0.0;0.0;0.0;0.0;0.0;0.0;0.0;0.0;0.0;0;NON;0;Jean-Paul Lecoq;7608
15;69.0;288.0;261.0;1.1;6.0;1.0;37.0;19.0;33.0;25.0;2.0;pcheurs;sorre_depute;01/01/2022;Bertrand Sorre;5002
16;68931.0;72944.0;5200.0;14.03;971.0;18.0;76.0;14.0;56.0;34.0;13.0;cest;auroreberge;01/01/2022;Aurore Bergé;7810
17;0.0;0.0;0.0;0.0;0.0;0.0;0.0;0.0;0.0;0.0;0.0;0;BrunoDuverge;0;Bruno Duvergé;6201
18;2945.0;102813.0;635.0;161.91;470.0;43.0;55.0;30.0;0.0;83.0;3.0;soir;MartineWonner;01/01/2022;Martine Wonner;6704
19;5.0;445.0;112.0;3.97;69.0;0.0;3.0;2.0;0.0;3.0;0.0;via;ChristianHutin;01/01/2022;Christian Hutin;5913
20;311.0;3425.0;116.0;29.53;192.0;0.0;20.0;11.0;9.0;80.0;3.0;tourret;AlainTourret;01/01/2022;Alain Tourret;1406
21;7150.0;8379.0;471.0;17.79;251.0;2.0;88.0;36.0;83.0;18.0;2.0;fait;paul_molac;01/01/2022;Paul Molac;5604
22;1374.0;3099.0;657.0;4.72;108.0;0.0;61.0;19.0;13.0;87.0;0.0;jai;ChristopheEuzet;01/01/2022;Christophe Euzet;3407
23;8355.0;8475.0;4491.0;1.89;179.0;4.0;64.0;42.0;24.0;75.0;2.0;matin;jmzulesi;01/01/2022;Jean-Marc Zulesi;1308
24;6962.0;27598.0;6858.0;4.02;529.0;3.0;50.0;34.0;27.0;68.0;4.0;france;damienabad;01/01/2022;Damien Abad;0105
25;83.0;1399.0;540.0;2.59;89.0;1.0;56.0;48.0;48.0;25.0;21.0;dputs;LeVigoureuxF;01/01/2022;Fabrice Le Vigoureux;1401
26;8260.0;7818.0;2735.0;2.86;0.0;0.0;81.0;36.0;74.0;27.0;4.0;participation;BertrandPancher;01/01/2022;Bertrand Pancher;5501
27;4859.0;4866.0;1740.0;2.8;146.0;37.0;91.0;14.0;51.0;30.0;0.0;cest;ALCattelot;01/01/2022;Anne-Laure Cattelot;5912
28;5655.0;3459.0;3900.0;0.89;125.0;5.0;57.0;30.0;36.0;59.0;7.0;tous;laqhila;01/01/2022;Mohamed Laqhila;1311
29;4111.0;4005.0;1374.0;2.91;105.0;7.0;61.0;34.0;44.0;51.0;1.0;semaine;LoicKervran18;01/01/2022;Loïc Kervran;1803
30;20757.0;14933.0;2163.0;6.9;394.0;0.0;56.0;49.0;40.0;56.0;11.0;plus;fm_lambert;01/01/2022;François-Michel Lambert;1310
31;6852.0;6710.0;4211.0;1.59;314.0;6.0;65.0;69.0;40.0;60.0;4.0;nantais;valerie_oppelt;01/01/2022;Valérie Oppelt;4402
32;8238.0;13733.0;765.0;17.95;175.0;27.0;61.0;38.0;8.0;48.0;28.0;plus;BQuestel;01/01/2022;Bruno Questel;2704
33;870.0;1336.0;665.0;2.01;31.0;1.0;55.0;30.0;39.0;64.0;1.0;loi;Bannier_G;01/01/2022;Géraldine Bannier;5302
34;4996.0;9291.0;1359.0;6.84;275.0;5.0;84.0;30.0;68.0;26.0;8.0;cest;bretonxavier;01/01/2022;Xavier Breton;0101
35;2066.0;6146.0;2289.0;2.69;142.0;2.0;48.0;40.0;38.0;61.0;3.0;plus;AbadieCaroline;01/01/2022;Caroline Abadie;3808
36;100.0;466.0;228.0;2.04;23.0;4.0;37.0;8.0;29.0;62.0;6.0;gouvernement;PierreVatinOff;01/01/2022;Pierre Vatin;6005
37;4034.0;7379.0;1595.0;4.63;153.0;2.0;27.0;43.0;2.0;79.0;4.0;ministre;clairepitollat;01/01/2022;Claire Pitollat;1302
38;1473.0;19302.0;390.0;49.49;221.0;3.0;53.0;40.0;38.0;59.0;3.0;france;Meyer_Habib;01/01/2022;Meyer Habib;099908
39;9598.0;15518.0;914.0;16.98;315.0;10.0;66.0;77.0;13.0;76.0;11.0;rendezvous;phgosselin;01/01/2022;Philippe Gosselin;5001
40;2920.0;4377.0;736.0;5.95;152.0;1.0;49.0;59.0;35.0;56.0;1.0;protection;SylvainWaserman;01/01/2022;Sylvain Waserman;6702
41;5975.0;5899.0;1641.0;3.59;105.0;2.0;94.0;32.0;88.0;12.0;10.0;cest;RKokouendoJ;01/01/2022;Rodrigue Kokouendo;7707
42;4000.0;5317.0;1683.0;3.16;96.0;11.0;72.0;41.0;43.0;50.0;4.0;matin;Cecile_Rilhac;01/01/2022;Cécile Rilhac;9503
43;5084.0;4110.0;2887.0;1.42;127.0;8.0;53.0;18.0;33.0;57.0;10.0;cette;MKaramanli72;01/01/2022;Marietta Karamanli;7202
44;575.0;2625.0;736.0;3.57;0.0;1.0;62.0;35.0;40.0;60.0;1.0;jai;JAviragnet;01/01/2022;Joël Aviragnet;3108
45;246.0;2103.0;420.0;5.01;117.0;1.0;40.0;32.0;31.0;56.0;12.0;lassemble;VincentDescoeur;01/01/2022;Vincent Descoeur;1501
46;4337.0;4259.0;2108.0;2.02;110.0;0.0;56.0;8.0;47.0;37.0;29.0;plus;VGB83;01/01/2022;Valérie Gomez-Bassac;8306
47;2903.0;22066.0;962.0;22.94;164.0;0.0;60.0;27.0;27.0;68.0;9.0;france;ChJacob77;01/01/2022;Christian Jacob;7704
48;3244.0;4081.0;3372.0;1.21;102.0;21.0;96.0;23.0;69.0;28.0;6.0;numrique;platombe;01/01/2022;Philippe Latombe;8501
49;0.0;0.0;0.0;0.0;0.0;0.0;0.0;0.0;0.0;0.0;0.0;0;NON;0;Marie-Christine Dalloz;3902
50;3919.0;4343.0;1068.0;4.07;105.0;2.0;100.0;27.0;97.0;5.0;3.0;france;thibault_bazin;01/01/2022;Thibault Bazin;5404
51;3201.0;6021.0;1312.0;4.59;136.0;1.0;61.0;68.0;52.0;51.0;2.0;cest;DBagarry;01/01/2022;Delphine Bagarry;0401
52;3789.0;8530.0;4239.0;2.01;184.0;0.0;44.0;30.0;36.0;58.0;9.0;jai;DuboisMarianne;01/01/2022;Marianne Dubois;4505
53;1845.0;5954.0;541.0;11.01;153.0;3.0;35.0;19.0;13.0;85.0;0.0;aprs;MTabarot;01/01/2022;Michèle Tabarot;0609
54;40996.0;2331017.0;4842.0;481.42;4980.0;33.0;43.0;35.0;4.0;90.0;6.0;cest;jlmelenchon;01/01/2022;Jean-Luc Mélenchon;1304
55;2604.0;4274.0;972.0;4.4;113.0;2.0;55.0;38.0;29.0;69.0;5.0;merci;audreydufeu;01/01/2022;Audrey Dufeu;4408
56;3502.0;6224.0;2001.0;3.11;223.0;0.0;78.0;25.0;55.0;37.0;10.0;cest;florent_boudie;01/01/2022;Florent Boudié;3310
57;1110.0;1798.0;949.0;1.89;43.0;13.0;95.0;43.0;81.0;16.0;4.0;plus;beauvais2017;01/01/2022;Valérie Beauvais;5101
58;4341.0;7153.0;1165.0;6.14;143.0;6.0;56.0;55.0;32.0;61.0;5.0;ans;denis_Masseglia;01/01/2022;Denis Masséglia;4905
59;0.0;0.0;0.0;0.0;0.0;0.0;0.0;0.0;0.0;0.0;0.0;0;NON;0;Jean-Michel Fauvergue;7708
60;775.0;2792.0;1562.0;1.79;60.0;2.0;61.0;19.0;36.0;50.0;20.0;soir;_richardramos;01/01/2022;Richard Ramos;4506
61;6222.0;25282.0;1450.0;17.44;722.0;1.0;41.0;23.0;21.0;67.0;13.0;jai;SylviaPinel;01/01/2022;Sylvia Pinel;8202
62;2786.0;3133.0;357.0;8.78;116.0;2.0;71.0;45.0;55.0;40.0;3.0;politique;RSCactu;01/01/2022;Raphaël Schellenberger;6804
63;2332.0;4476.0;1394.0;3.21;94.0;2.0;31.0;33.0;25.0;58.0;19.0;loi;famatras;01/01/2022;Fabien Matras;8308
64;9857.0;33537.0;1643.0;20.41;334.0;7.0;36.0;11.0;21.0;68.0;16.0;contre;SachaHoulie;01/01/2022;Sacha Houlié;8602
65;2053.0;5653.0;916.0;6.17;128.0;3.0;38.0;59.0;14.0;82.0;14.0;dcouvrez;CGrandjean54;01/01/2022;Carole Grandjean;5401
66;8922.0;25773.0;2335.0;11.04;198.0;4.0;75.0;17.0;70.0;26.0;6.0;gauche;BorisVallaud;01/01/2022;Boris Vallaud;4003
67;0.0;0.0;0.0;0.0;0.0;0.0;0.0;0.0;0.0;0.0;0.0;0;NON;0;Jeanine Dubié;6502
68;3230.0;6790.0;1998.0;3.4;77.0;0.0;28.0;79.0;0.0;95.0;5.0;cest;_DidierParis;01/01/2022;Didier Paris;2105
69;2637.0;6045.0;1396.0;4.33;124.0;5.0;63.0;54.0;38.0;60.0;8.0;cest;Romeiro1L;01/01/2022;Laëtitia Romeiro Dias;9103
70;2353.0;7856.0;486.0;16.16;153.0;0.0;40.0;43.0;10.0;88.0;0.0;cest;SandrineLeFeur;01/01/2022;Sandrine Le Feur;2904
71;1181.0;2943.0;1104.0;2.67;77.0;3.0;70.0;38.0;51.0;48.0;3.0;cest;LeguilleBalloy;01/01/2022;Martine Leguille-Balloy;8504
72;1113.0;1745.0;894.0;1.95;86.0;0.0;92.0;29.0;87.0;14.0;1.0;plus;AlainDavid_AN;01/01/2022;Alain David;3304
73;2294.0;7304.0;964.0;7.58;129.0;4.0;58.0;48.0;41.0;37.0;24.0;loi;chapelierannie;01/01/2022;Annie Chapelier;3004
74;5995.0;11412.0;1865.0;6.12;143.0;0.0;70.0;24.0;65.0;39.0;4.0;loi;RixainMP;01/01/2022;Marie-Pierre Rixain;9104
75;16644.0;12163.0;1295.0;9.39;303.0;8.0;58.0;25.0;23.0;70.0;2.0;france;ConstanceLeGrip;01/01/2022;Constance Le Grip;9206
76;989.0;9191.0;32.0;287.22;74.0;0.0;30.0;45.0;19.0;59.0;9.0;france;emenard34;01/01/2022;Emmanuelle Ménard;3406
77;2585.0;3800.0;1861.0;2.04;101.0;4.0;47.0;37.0;36.0;62.0;2.0;france;marion_lenne;01/01/2022;Marion Lenne;7405
78;5546.0;10615.0;1162.0;9.14;124.0;13.0;67.0;39.0;36.0;64.0;6.0;plus;sirasylla76;01/01/2022;Sira Sylla;7604
79;0.0;0.0;0.0;0.0;0.0;0.0;0.0;0.0;0.0;0.0;0.0;0;NON;0;Nathalie Sarles;4205
80;0.0;0.0;0.0;0.0;0.0;0.0;0.0;0.0;0.0;0.0;0.0;0;fmeunier19;0;Frédérique Meunier;1902
81;3225.0;15040.0;1306.0;11.52;317.0;2.0;87.0;27.0;68.0;39.0;9.0;loi;AndreChassaigne;01/01/2022;André Chassaigne;6305
82;13494.0;15970.0;4124.0;3.87;372.0;8.0;57.0;32.0;29.0;64.0;3.0;sport;juanico;01/01/2022;Régis Juanico;4201
83;5981.0;16077.0;4263.0;3.77;179.0;0.0;34.0;48.0;26.0;73.0;4.0;loi;sebastienjumel;01/01/2022;Sébastien Jumel;7606
84;3499.0;3975.0;1143.0;3.48;120.0;0.0;73.0;52.0;60.0;37.0;8.0;progrs;Ossoncatherine;01/01/2022;Catherine Osson;5908
85;2322.0;4891.0;2863.0;1.71;108.0;7.0;40.0;36.0;11.0;85.0;2.0;agriculteurs;GBessonMoreau;01/01/2022;Grégory Besson-Moreau;1001
86;5800.0;174630.0;3386.0;51.57;1249.0;58.0;88.0;12.0;28.0;69.0;3.0;cest;mounir;01/01/2022;Mounir Mahjoubi;7516
87;29219.0;210261.0;2668.0;78.81;1227.0;0.0;38.0;13.0;26.0;69.0;5.0;cette;ECiotti;01/01/2022;Éric Ciotti;0601
88;17193.0;20042.0;3375.0;5.94;247.0;5.0;74.0;15.0;60.0;36.0;10.0;cest;CoDubost;01/01/2022;Coralie Dubost;3403
89;56761.0;6525.0;228.0;28.62;412.0;7.0;85.0;15.0;76.0;21.0;9.0;cest;S_Trompille;01/01/2022;Stéphane Trompille;0104
90;3666.0;6531.0;1332.0;4.9;135.0;2.0;67.0;55.0;26.0;71.0;2.0;tous;Ch_Hennion;01/01/2022;Christine Hennion;9203
91;4386.0;5814.0;1607.0;3.62;117.0;1.0;52.0;23.0;32.0;57.0;7.0;cette;DamienPichereau;01/01/2022;Damien Pichereau;7201
92;3063.0;7252.0;512.0;14.16;144.0;0.0;82.0;14.0;63.0;35.0;5.0;plus;jnbarrot;01/01/2022;Jean-Noël Barrot;7802
93;3472.0;3569.0;745.0;4.79;142.0;3.0;60.0;21.0;46.0;32.0;21.0;olivier;olivier_serva;01/01/2022;Olivier Serva;097101
94;5468.0;5407.0;3475.0;1.56;122.0;5.0;67.0;36.0;27.0;65.0;7.0;contre;iflorennes92;01/01/2022;Isabelle Florennes;9204
95;2054.0;4386.0;845.0;5.19;110.0;10.0;68.0;23.0;33.0;60.0;9.0;sanitaire;IanBoucard;01/01/2022;Ian Boucard;9001
96;5059.0;7054.0;2022.0;3.49;134.0;4.0;88.0;33.0;76.0;23.0;4.0;franais;amelia_lkf;01/01/2022;Amélia Lakrafi;099910
97;3543.0;3386.0;396.0;8.55;118.0;0.0;99.0;46.0;98.0;5.0;2.0;militants;FCornutGentille;01/01/2022;François Cornut-Gentille;5202
98;577.0;1266.0;539.0;2.35;58.0;0.0;73.0;43.0;69.0;29.0;7.0;matin;jp_mattei;01/01/2022;Jean-Paul Mattei;6402
99;513.0;1268.0;406.0;3.12;55.0;3.0;98.0;42.0;91.0;12.0;4.0;dput;naegelenchris;01/01/2022;Christophe Naegelen;8803
100;862.0;4191.0;934.0;4.49;113.0;0.0;53.0;29.0;28.0;68.0;6.0;jai;michelecrouzet;01/01/2022;Michèle Crouzet;8903
101;6386.0;12010.0;4377.0;2.74;307.0;1.0;54.0;19.0;45.0;51.0;7.0;minute;VigierPhilippe;01/01/2022;Philippe Vigier;2804
102;2031.0;3864.0;634.0;6.09;124.0;13.0;76.0;49.0;46.0;49.0;6.0;cest;MaudPetit_AN94;01/01/2022;Maud Petit;9404
103;15547.0;13013.0;544.0;23.92;191.0;0.0;69.0;20.0;46.0;45.0;9.0;franais;phdumont;01/01/2022;Pierre-Henri Dumont;6207
104;9704.0;8941.0;3182.0;2.81;240.0;2.0;75.0;34.0;57.0;46.0;6.0;prsident;mickaelnogal;01/01/2022;Mickaël Nogal;3104
105;411.0;1719.0;180.0;9.55;75.0;5.0;93.0;27.0;84.0;12.0;3.0;franais;JJ_Gaultier;01/01/2022;Jean-Jacques Gaultier;8804
106;5279.0;12461.0;3852.0;3.23;208.0;12.0;60.0;18.0;42.0;39.0;18.0;france;F_BACHELIER;01/01/2022;Florian Bachelier;3508
107;12621.0;6160.0;2071.0;2.97;166.0;28.0;78.0;11.0;36.0;55.0;8.0;plus;BrunoMillienne;01/01/2022;Bruno Millienne;7809
108;5399.0;4592.0;1307.0;3.51;122.0;0.0;31.0;70.0;26.0;75.0;2.0;dfense;PhilippeMichelK;01/01/2022;Philippe Michel-Kleisbauer;8305
109;13196.0;7616.0;1292.0;5.89;183.0;18.0;63.0;21.0;32.0;51.0;6.0;cest;juliendive;01/01/2022;Julien Dive;0202
110;2070.0;2140.0;2181.0;0.98;66.0;16.0;95.0;20.0;78.0;13.0;7.0;cest;lejeune_ch;01/01/2022;Christophe Lejeune;7002
111;1477.0;5124.0;910.0;5.63;145.0;16.0;57.0;24.0;26.0;59.0;3.0;plus;hsaulignac;01/01/2022;Hervé Saulignac;0701
112;1738.0;3270.0;1468.0;2.23;126.0;1.0;54.0;32.0;38.0;51.0;11.0;rgion;N_Forissier;01/01/2022;Nicolas Forissier;3602
113;1476.0;3458.0;839.0;4.12;98.0;2.0;68.0;56.0;56.0;40.0;3.0;plus;HeleneZannier;01/01/2022;Hélène Zannier;5707
114;2597.0;4887.0;1603.0;3.05;118.0;1.0;50.0;29.0;32.0;67.0;1.0;journe;GrazieMelchior;01/01/2022;Graziella Melchior;2905
115;2717.0;5417.0;2866.0;1.89;107.0;2.0;55.0;36.0;26.0;75.0;7.0;notamment;A_Ardisson;01/01/2022;Alexandra Valetta Ardisson;0604
116;765.0;1933.0;176.0;10.98;108.0;4.0;74.0;51.0;53.0;48.0;2.0;plus;BDeflesselles;01/01/2022;Bernard Deflesselles;1309
117;3038.0;7457.0;1398.0;5.33;166.0;1.0;47.0;45.0;6.0;92.0;2.0;jai;saidahamada;01/01/2022;Saïd Ahamada;1307
118;7699.0;3844.0;1537.0;2.5;158.0;9.0;78.0;14.0;49.0;49.0;2.0;plus;KhattabiF;01/01/2022;Fadila Khattabi;2103
119;4077.0;9938.0;2255.0;4.41;247.0;2.0;81.0;54.0;56.0;43.0;3.0;europenne;potierdominique;01/01/2022;Dominique Potier;5405
120;24641.0;14679.0;1801.0;8.15;349.0;1.0;83.0;49.0;69.0;32.0;2.0;france;Brigitte_Kuster;01/01/2022;Brigitte Kuster;7504
121;1214.0;2202.0;242.0;9.1;83.0;3.0;80.0;33.0;73.0;24.0;8.0;plus;isavalentin43;01/01/2022;Isabelle Valentin;4301
122;2543.0;4966.0;843.0;5.89;104.0;1.0;67.0;35.0;47.0;45.0;9.0;cest;lauzzanamichel;01/01/2022;Michel Lauzzana;4701
123;2412.0;5326.0;1281.0;4.16;125.0;2.0;76.0;39.0;62.0;41.0;9.0;cest;Chalumeau_P;01/01/2022;Philippe Chalumeau;3701
124;5641.0;62652.0;1344.0;46.62;422.0;4.0;49.0;15.0;28.0;61.0;15.0;cest;StanGuerini;01/01/2022;Stanislas Guerini;7503
125;0.0;0.0;0.0;0.0;0.0;0.0;0.0;0.0;0.0;0.0;0.0;0;B_Peyrol;0;Bénédicte Peyrol;0303
126;289.0;1345.0;391.0;3.44;51.0;7.0;66.0;60.0;43.0;47.0;3.0;sant;JCGrelier;01/01/2022;Jean-Carles Grelier;7205
127;6413.0;6346.0;603.0;10.52;171.0;5.0;67.0;46.0;42.0;49.0;10.0;cest;jrcazeneuve;01/01/2022;Jean-René Cazeneuve;3201
128;2630.0;7268.0;697.0;10.43;180.0;3.0;17.0;70.0;10.0;81.0;8.0;aujourdhui;mressiguier;01/01/2022;Muriel Ressiguier;3402
129;5097.0;66382.0;447.0;148.51;625.0;2.0;27.0;42.0;14.0;81.0;10.0;rencontre;jeanlassalle;01/01/2022;Jean Lassalle;6404
130;2033.0;6041.0;1027.0;5.88;124.0;2.0;75.0;20.0;61.0;40.0;4.0;cette;sereineenmarche;01/01/2022;Sereine Mauborgne;8304
131;1111.0;3929.0;1215.0;3.23;116.0;1.0;33.0;20.0;6.0;79.0;15.0;matin;b_belhaddad;01/01/2022;Belkhir Belhaddad;5701
132;423.0;3328.0;654.0;5.09;110.0;15.0;55.0;7.0;23.0;68.0;3.0;guyane;LenaickADAM;01/01/2022;Lénaïck Adam;097302
133;1925.0;5304.0;844.0;6.28;136.0;2.0;59.0;26.0;44.0;50.0;8.0;plus;pereaalain;01/01/2022;Alain Perea;1102
134;4171.0;6674.0;1399.0;4.77;153.0;2.0;47.0;33.0;22.0;74.0;8.0;merci;SKerbarh;01/01/2022;Stéphanie Kerbarh;7609
135;2396.0;3302.0;552.0;5.98;182.0;5.0;99.0;27.0;95.0;13.0;5.0;cest;GerardCherpion;01/01/2022;Gérard Cherpion;8802
136;2548.0;9458.0;415.0;22.79;228.0;3.0;62.0;31.0;40.0;51.0;3.0;cette;guyteissier;01/01/2022;Guy Teissier;1306
137;2728.0;5259.0;950.0;5.54;122.0;0.0;66.0;47.0;33.0;66.0;1.0;aujourdhui;jmarilossian;01/01/2022;Jacques Marilossian;9207
138;444.0;2008.0;1242.0;1.62;90.0;6.0;45.0;34.0;21.0;50.0;19.0;permanence;JMaquetDeputee;01/01/2022;Jacqueline Maquet;6202
139;142.0;1400.0;176.0;7.95;72.0;0.0;72.0;21.0;67.0;23.0;31.0;ferrara;jjferrarafb;01/01/2022;Jean-Jacques Ferrara;2A01
140;831.0;2925.0;795.0;3.68;106.0;1.0;36.0;30.0;10.0;89.0;2.0;toulouse;jfportarrieu;01/01/2022;Jean-François Portarrieu;3105
141;8848.0;13086.0;2988.0;4.38;188.0;4.0;77.0;20.0;41.0;57.0;4.0;cest;robinreda;01/01/2022;Robin Reda;9107
142;10851.0;5960.0;1082.0;5.51;91.0;13.0;93.0;40.0;78.0;9.0;2.0;merci;LaurenceVanceu;01/01/2022;Laurence Vanceunebrock;0302
143;5347.0;22386.0;3343.0;6.7;217.0;2.0;57.0;34.0;47.0;51.0;7.0;depuis;marielebec78;01/01/2022;Marie Lebec;7804
144;11116.0;8500.0;2267.0;3.75;140.0;10.0;65.0;17.0;42.0;51.0;7.0;cest;ValeriePetit_AN;01/01/2022;Valérie Petit;5909
145;1440.0;1891.0;390.0;4.85;40.0;4.0;48.0;19.0;40.0;40.0;17.0;sanitaire;Joseevrard62;01/01/2022;José Evrard;6203
146;5083.0;34374.0;400.0;85.94;275.0;7.0;61.0;27.0;32.0;67.0;4.0;cest;CarolineFiat54;01/01/2022;Caroline Fiat;5406
147;2848.0;3244.0;2381.0;1.36;123.0;0.0;20.0;19.0;10.0;84.0;8.0;matin;MarcDelatte;01/01/2022;Marc Delatte;0204
148;4119.0;6246.0;2275.0;2.75;107.0;2.0;57.0;45.0;42.0;58.0;4.0;loi;olivierdam1;01/01/2022;Olivier Damaisin;4703
149;4285.0;34131.0;1735.0;19.67;338.0;1.0;62.0;12.0;55.0;44.0;5.0;cryptoactifs;pierr_person;01/01/2022;Pierre Person;7506
150;1074.0;6893.0;150.0;45.95;97.0;1.0;79.0;29.0;66.0;38.0;1.0;commission;JLBourlanges;01/01/2022;Jean-Louis Bourlanges;9212
151;1850.0;6398.0;181.0;35.35;179.0;5.0;57.0;15.0;42.0;37.0;6.0;jai;doorjean;01/01/2022;Jean-Pierre Door;4504
152;3784.0;3521.0;1118.0;3.15;184.0;1.0;87.0;49.0;78.0;21.0;12.0;france;ThierryBenoit35;01/01/2022;Thierry Benoit;3506
153;2986.0;6221.0;612.0;10.17;115.0;3.0;59.0;44.0;46.0;53.0;1.0;soir;Vidal7602;01/01/2022;Annie Vidal;7602
154;6484.0;14995.0;2876.0;5.21;156.0;12.0;84.0;32.0;58.0;38.0;4.0;cest;fionalazaar;01/01/2022;Fiona Lazaar;9505
155;328.0;2361.0;511.0;4.62;111.0;1.0;46.0;34.0;29.0;69.0;6.0;cette;AudeBono;01/01/2022;Aude Bono-Vandorme;0201
156;1176.0;4482.0;556.0;8.06;116.0;1.0;33.0;49.0;2.0;86.0;9.0;jeunes;brigitte_liso;01/01/2022;Brigitte Liso;5904
157;7911.0;34596.0;6839.0;5.06;246.0;5.0;53.0;35.0;23.0;60.0;15.0;franais;sebchenu;01/01/2022;Sébastien Chenu;5919
158;18794.0;10006.0;1116.0;8.97;113.0;47.0;72.0;18.0;7.0;68.0;9.0;cest;ThillAgnes;01/01/2022;Agnès Thill;6002
159;6833.0;4488.0;1494.0;3.0;122.0;0.0;92.0;34.0;89.0;11.0;3.0;cette;BertrandBouyx;01/01/2022;Bertrand Bouyx;1405
160;2095.0;7599.0;849.0;8.95;133.0;0.0;81.0;48.0;49.0;50.0;8.0;cest;JeanTerlier;01/01/2022;Jean Terlier;8103
161;608.0;736.0;205.0;3.59;41.0;3.0;45.0;28.0;34.0;52.0;14.0;mayotte;RamlatiAli;01/01/2022;Ramlati Ali;097601
162;1612.0;2453.0;1035.0;2.37;110.0;4.0;37.0;41.0;3.0;91.0;2.0;jura;dbrulebois;01/01/2022;Danielle Brulebois;3901
163;2914.0;3095.0;2375.0;1.3;107.0;0.0;44.0;37.0;35.0;63.0;5.0;loi;Gauvain_Raphael;01/01/2022;Raphaël Gauvain;7105
164;2496.0;14333.0;404.0;35.48;218.0;3.0;71.0;24.0;41.0;54.0;3.0;paris;PacomeRupin;01/01/2022;Pacôme Rupin;7507
165;6936.0;2473.0;432.0;5.72;127.0;2.0;70.0;40.0;62.0;36.0;3.0;travail;jacqlinedubois;01/01/2022;Jacqueline Dubois;2404
166;301.0;1127.0;913.0;1.23;4.0;6.0;72.0;21.0;58.0;26.0;19.0;cest;SebCazenove;01/01/2022;Sébastien Cazenove;6604
167;5445.0;4897.0;2801.0;1.75;176.0;2.0;78.0;21.0;69.0;28.0;7.0;plus;LudovicMDS;01/01/2022;Ludovic Mendes;5702
168;6073.0;2819.0;1608.0;1.75;106.0;1.0;91.0;60.0;79.0;23.0;3.0;plan;TurquoisNicolas;01/01/2022;Nicolas Turquois;8604
169;1917.0;2178.0;1191.0;1.83;57.0;1.0;71.0;28.0;40.0;51.0;12.0;budget;stephane_teste;01/01/2022;Stéphane Testé;9312
170;6567.0;61437.0;457.0;134.44;668.0;0.0;44.0;35.0;32.0;62.0;6.0;l@assembleenat;ericwoerth;01/01/2022;Éric Woerth;6004
171;0.0;0.0;0.0;0.0;0.0;0.0;0.0;0.0;0.0;0.0;0.0;0;NON;0;Joachim Son-Forget;099906
172;9543.0;21335.0;6009.0;3.55;236.0;2.0;61.0;43.0;35.0;58.0;13.0;cest;lauriannerossi;01/01/2022;Laurianne Rossi;9211
173;12753.0;31304.0;3094.0;10.12;290.0;28.0;80.0;19.0;37.0;38.0;1.0;plus;Aurelientache;01/01/2022;Aurélien Taché;9510
174;1924.0;4539.0;3047.0;1.49;131.0;8.0;41.0;32.0;21.0;68.0;13.0;cest;BBrocard;01/01/2022;Blandine Brocard;6905
175;6493.0;12421.0;3335.0;3.72;150.0;13.0;62.0;25.0;28.0;67.0;3.0;depuis;FJolivet36;01/01/2022;François Jolivet;3601
176;0.0;0.0;0.0;0.0;0.0;0.0;0.0;0.0;0.0;0.0;0.0;0;NON;0;Guy Bricout;5918
177;2200.0;1639.0;777.0;2.11;71.0;2.0;40.0;31.0;30.0;64.0;5.0;jai;laurencegayte;01/01/2022;Laurence Gayte;6603
178;5341.0;17569.0;1011.0;17.38;191.0;1.0;36.0;40.0;17.0;79.0;7.0;ans;Michel_Larive;01/01/2022;Michel Larive;0902
179;226.0;2082.0;1077.0;1.93;88.0;0.0;55.0;38.0;48.0;44.0;9.0;nationale;j_pVigier;01/01/2022;Jean-Pierre Vigier;4302
180;3881.0;3890.0;1229.0;3.17;110.0;27.0;86.0;37.0;45.0;33.0;5.0;matin;CORDIERPierre08;01/01/2022;Pierre Cordier;0802
181;2033.0;2087.0;470.0;4.44;93.0;1.0;66.0;35.0;49.0;57.0;1.0;tous;david_lorion;01/01/2022;David Lorion;097404
182;2897.0;2609.0;930.0;2.81;90.0;4.0;69.0;48.0;49.0;47.0;2.0;publique;elodiejala;01/01/2022;Élodie Jacquier-Laforge;3809
183;1656.0;2029.0;965.0;2.1;0.0;5.0;99.0;29.0;93.0;9.0;6.0;foncier;Sempastoushp;01/01/2022;Jean-Bernard Sempastous;6501
184;64.0;1056.0;194.0;5.44;73.0;0.0;34.0;47.0;33.0;20.0;11.0;soir;JCattin2017;01/01/2022;Jacques Cattin;6802
185;5551.0;8512.0;8395.0;1.01;160.0;2.0;65.0;16.0;39.0;62.0;2.0;travail;RomainGrau;01/01/2022;Romain Grau;6601
186;794.0;1148.0;133.0;8.63;57.0;0.0;85.0;39.0;84.0;18.0;2.0;merci;BattistelMarie;01/01/2022;Marie-Noëlle Battistel;3804
187;832.0;1625.0;794.0;2.05;69.0;0.0;92.0;44.0;98.0;3.0;0.0;entre;AnneBlanc_12;01/01/2022;Anne Blanc;1202
188;12137.0;40317.0;649.0;62.12;344.0;18.0;60.0;49.0;32.0;68.0;0.0;plus;lachaudb;01/01/2022;Bastien Lachaud;9306
189;8770.0;6494.0;2117.0;3.07;122.0;4.0;31.0;1.0;27.0;45.0;2.0;politiques;fpetitAN;01/01/2022;Frédéric Petit;099907
190;16736.0;4099.0;1542.0;2.66;0.0;12.0;59.0;33.0;29.0;64.0;1.0;plus;tgassilloud;01/01/2022;Thomas Gassilloud;6910
191;29.0;337.0;207.0;1.63;8.0;0.0;6.0;1.0;6.0;23.0;0.0;chapelle;HubertWulfranc;01/01/2022;Hubert Wulfranc;7603
192;2936.0;5077.0;2299.0;2.21;140.0;10.0;61.0;68.0;5.0;90.0;0.0;matin;didierlegac;01/01/2022;Didier Le Gac;2903
193;103.0;978.0;344.0;2.84;67.0;5.0;49.0;22.0;35.0;54.0;9.0;runion;NathalieBassire;01/01/2022;Nathalie Bassire;097403
194;1345.0;2898.0;755.0;3.84;75.0;1.0;74.0;29.0;62.0;36.0;5.0;tous;vbazinmalgras;01/01/2022;Valérie Bazin-Malgras;1002
195;982.0;3978.0;640.0;6.22;115.0;3.0;72.0;50.0;59.0;38.0;11.0;liste;MarieAngeMagne;01/01/2022;Marie-Ange Magne;8703
196;7863.0;5067.0;1737.0;2.92;125.0;0.0;99.0;47.0;97.0;5.0;8.0;plus;christophearend;01/01/2022;Christophe Arend;5706
197;2168.0;6385.0;313.0;20.4;133.0;2.0;98.0;31.0;96.0;5.0;7.0;plus;V_Hammerer;01/01/2022;Véronique Hammerer;3311
198;3495.0;1873.0;191.0;9.81;91.0;0.0;92.0;24.0;90.0;13.0;5.0;ans;alainramadier;01/01/2022;Alain Ramadier;9310
199;3174.0;5358.0;997.0;5.37;134.0;3.0;48.0;52.0;15.0;83.0;3.0;jai;Daniele_herin;01/01/2022;Danièle Hérin;1101
200;2688.0;1586.0;3143.0;0.5;31.0;2.0;69.0;23.0;43.0;55.0;4.0;cest;sandrinejossoan;01/01/2022;Sandrine Josso;4407
201;3987.0;4657.0;1184.0;3.93;125.0;1.0;73.0;40.0;44.0;58.0;2.0;mission;PhilippeHuppe;01/01/2022;Philippe Huppé;3405
202;1281.0;7355.0;546.0;13.47;127.0;0.0;52.0;29.0;32.0;71.0;2.0;cest;mguevenoux;01/01/2022;Marie Guévenoux;9109
203;8107.0;6788.0;3628.0;1.87;181.0;5.0;70.0;29.0;54.0;44.0;6.0;cette;g_gouffiercha;01/01/2022;Guillaume Gouffier-Cha;9406
204;1258.0;7756.0;180.0;43.09;101.0;1.0;42.0;10.0;22.0;67.0;15.0;jai;Castellani_;01/01/2022;Michel Castellani;2B01
205;187.0;1063.0;100.0;10.63;71.0;2.0;43.0;9.0;37.0;60.0;4.0;aujourdhui;michelfanget;01/01/2022;Michel Fanget;6304
206;5243.0;4393.0;598.0;7.35;136.0;1.0;37.0;12.0;12.0;89.0;2.0;matin;damienadam76;01/01/2022;Damien Adam;7601
207;8622.0;121123.0;2335.0;51.87;559.0;3.0;78.0;40.0;45.0;48.0;4.0;cest;jclagarde;01/01/2022;Jean-Christophe Lagarde;9305
208;408.0;1271.0;305.0;4.17;53.0;8.0;88.0;32.0;70.0;26.0;3.0;cette;ChassaingPh;01/01/2022;Philippe Chassaing;2401
209;3639.0;5643.0;619.0;9.12;125.0;1.0;66.0;30.0;47.0;55.0;1.0;jeunes;christoblanchet;01/01/2022;Christophe Blanchet;1404
210;3716.0;6048.0;802.0;7.54;113.0;1.0;51.0;21.0;25.0;65.0;15.0;jai;SylvieCharriere;01/01/2022;Sylvie Charrière;9308
211;0.0;0.0;0.0;0.0;0.0;0.0;0.0;0.0;0.0;0.0;0.0;0;NON;0;Michel Herbillon;9408
212;0.0;0.0;0.0;0.0;0.0;0.0;0.0;0.0;0.0;0.0;0.0;0;NON;0;Bernard Brochand;0608
213;0.0;0.0;0.0;0.0;0.0;0.0;0.0;0.0;0.0;0.0;0.0;0;NON;0;Philippe Dunoyer;098801
214;15026.0;31587.0;4291.0;7.36;341.0;2.0;82.0;24.0;68.0;31.0;8.0;cest;sylvainmaillard;01/01/2022;Sylvain Maillard;7501
215;3796.0;7695.0;1713.0;4.49;156.0;7.0;82.0;22.0;68.0;30.0;3.0;enfants;CarolineJanvier;01/01/2022;Caroline Janvier;4502
216;11313.0;15379.0;743.0;20.7;182.0;0.0;67.0;20.0;38.0;60.0;6.0;cest;verdierjouclas;01/01/2022;Marie-Christine Verdier-Jouclas;8102
217;2900.0;1328.0;254.0;5.23;79.0;5.0;60.0;28.0;50.0;40.0;4.0;aujourdhui;CKamowski3805;01/01/2022;Catherine Kamowski;3805
218;2374.0;3242.0;1314.0;2.47;80.0;1.0;58.0;32.0;38.0;63.0;0.0;mer;SoPanonacle;01/01/2022;Sophie Panonacle;3308
219;1461.0;2877.0;983.0;2.93;112.0;0.0;38.0;27.0;15.0;86.0;1.0;matin;BuonTAN;01/01/2022;Buon Tan;7509
220;3123.0;4143.0;644.0;6.43;101.0;5.0;68.0;51.0;44.0;47.0;9.0;matin;GirardinEric;01/01/2022;Éric Girardin;5103
221;2514.0;6723.0;562.0;11.96;183.0;0.0;9.0;25.0;1.0;72.0;18.0;jai;fpupponi;01/01/2022;François Pupponi;9508
222;620.0;1675.0;481.0;3.48;0.0;0.0;18.0;3.0;4.0;86.0;12.0;cest;DenisSommer;01/01/2022;Denis Sommer;2503
223;3821.0;14055.0;1629.0;8.63;358.0;2.0;38.0;57.0;18.0;76.0;7.0;tous;marclefur;01/01/2022;Marc Le Fur;2203
224;23260.0;2650750.0;3272.0;810.13;5265.0;0.0;6.0;24.0;0.0;95.0;6.0;france;MLP_officiel;01/01/2022;Marine Le Pen;6211
225;5441.0;4508.0;373.0;12.09;123.0;0.0;54.0;17.0;47.0;52.0;3.0;tous;NicoleDubre17;01/01/2022;Nicole Dubré-Chirat;4906
226;8302.0;261950.0;1241.0;211.08;1092.0;4.0;27.0;8.0;20.0;75.0;5.0;cest;Francois_Ruffin;01/01/2022;François Ruffin;8001
227;8767.0;9015.0;1429.0;6.31;0.0;14.0;64.0;53.0;30.0;60.0;3.0;trs;yfavennec;01/01/2022;Yannick Favennec-Bécot;5303
228;2181.0;6478.0;1527.0;4.24;176.0;1.0;76.0;23.0;61.0;40.0;7.0;prsident;PatrickMignola;01/01/2022;Patrick Mignola;7304
229;3390.0;5280.0;785.0;6.73;131.0;2.0;51.0;71.0;15.0;78.0;8.0;matin;corinnevignon;01/01/2022;Corinne Vignon;3103
230;1499.0;2762.0;430.0;6.42;84.0;3.0;44.0;27.0;19.0;81.0;1.0;matin;lise_magnier;01/01/2022;Lise Magnier;5104
231;15981.0;31018.0;1327.0;23.37;344.0;8.0;77.0;36.0;64.0;28.0;2.0;cest;ugobernalicis;01/01/2022;Ugo Bernalicis;5902
232;8458.0;5508.0;3214.0;1.71;113.0;13.0;67.0;26.0;22.0;71.0;7.0;france;FCBDeputeduCher;01/01/2022;François Cormier-Bouligeon;1801
233;5601.0;3548.0;3784.0;0.94;106.0;0.0;89.0;28.0;89.0;10.0;3.0;plus;jlbricout;01/01/2022;Jean-Louis Bricout;0203
234;6905.0;6044.0;626.0;9.65;113.0;0.0;98.0;35.0;95.0;9.0;6.0;cest;MichelePeyron;01/01/2022;Michèle Peyron;7709
235;1154.0;3533.0;4233.0;0.83;105.0;2.0;72.0;21.0;54.0;45.0;1.0;cette;DavidDhabib;01/01/2022;David Habib;6403
236;420.0;1705.0;459.0;3.71;75.0;1.0;47.0;16.0;5.0;76.0;20.0;jai;genevievelevy83;01/01/2022;Geneviève Levy;8301
237;373.0;2690.0;200.0;13.45;93.0;1.0;36.0;22.0;19.0;77.0;3.0;jai;jmsermier;01/01/2022;Jean-Marie Sermier;3903
238;1179.0;5643.0;337.0;16.74;129.0;1.0;46.0;32.0;37.0;64.0;3.0;loi;V_Riotton;01/01/2022;Véronique Riotton;7401
239;3798.0;5963.0;1999.0;2.98;132.0;27.0;57.0;16.0;20.0;64.0;5.0;jai;PBertaGard;01/01/2022;Philippe Berta;3006
240;25100.0;6714.0;1410.0;4.76;333.0;25.0;54.0;45.0;6.0;90.0;2.0;soir;MIRALLESMP;01/01/2022;Patricia Mirallès;3401
241;3298.0;12895.0;1460.0;8.83;162.0;4.0;65.0;39.0;51.0;47.0;6.0;merci;Sonia_Krimi;01/01/2022;Sonia Krimi;5004
242;35424.0;12056.0;3142.0;3.84;766.0;35.0;77.0;22.0;32.0;40.0;15.0;cest;ebothorel;01/01/2022;Éric Bothorel;2205
243;8959.0;25562.0;4335.0;5.9;265.0;15.0;48.0;42.0;14.0;74.0;8.0;franais;rolandlescure;01/01/2022;Roland Lescure;099901
244;3250.0;5707.0;713.0;8.0;125.0;2.0;41.0;13.0;33.0;62.0;5.0;projet;lecocqcharlotte;01/01/2022;Charlotte Parmentier-Lecocq;5906
245;11020.0;10882.0;3603.0;3.02;141.0;6.0;47.0;27.0;18.0;68.0;11.0;cest;agnesfirmin;01/01/2022;Agnès Firmin Le Bodo;7607
246;2801.0;5674.0;1457.0;3.89;128.0;4.0;74.0;23.0;62.0;37.0;3.0;dputs;fabiennecolboc;01/01/2022;Fabienne Colboc;3704
247;596.0;721.0;1764.0;0.41;15.0;0.0;89.0;50.0;64.0;40.0;23.0;agenda;chrisjerretie;01/01/2022;Christophe Jerretie;1901
248;2781.0;4315.0;1977.0;2.18;139.0;0.0;90.0;46.0;72.0;29.0;9.0;cest;dmartindijon;01/01/2022;Didier Martin;2101
249;1044.0;1502.0;54.0;27.81;101.0;83.0;96.0;5.0;13.0;87.0;0.0;cest;jeromelambert16;01/01/2022;Jérôme Lambert;1603
250;2353.0;1861.0;726.0;2.56;75.0;0.0;62.0;62.0;31.0;62.0;8.0;jai;AudeLuquet77;01/01/2022;Aude Luquet;7701
251;8261.0;5632.0;3656.0;1.54;133.0;0.0;73.0;22.0;63.0;40.0;6.0;nationale;Jean_LucFUGIT;01/01/2022;Jean-Luc Fugit;6911
252;3010.0;7511.0;574.0;13.09;166.0;5.0;80.0;21.0;68.0;30.0;9.0;france;HerveBerville;01/01/2022;Hervé Berville;2202
253;1019.0;2533.0;260.0;9.74;142.0;1.0;71.0;42.0;62.0;39.0;1.0;merci;ydaniel_depute;01/01/2022;Yves Daniel;4406
254;7853.0;5985.0;1177.0;5.08;115.0;5.0;70.0;38.0;50.0;49.0;9.0;cest;FGouttefarde;01/01/2022;Fabien Gouttefarde;2702
255;3385.0;3571.0;3875.0;0.92;0.0;12.0;39.0;37.0;6.0;90.0;2.0;mission;DeputeCabareP;01/01/2022;Pierre Cabaré;3101
256;9897.0;18900.0;5575.0;3.39;345.0;0.0;53.0;15.0;47.0;54.0;24.0;tout;DubyMuller;01/01/2022;Virginie Duby-Muller;7404
257;15031.0;8636.0;4619.0;1.87;224.0;4.0;73.0;67.0;25.0;70.0;10.0;jai;PatrickVignal;01/01/2022;Patrick Vignal;3409
258;9522.0;4107.0;1149.0;3.57;176.0;5.0;56.0;25.0;26.0;66.0;9.0;runion;JKrabal;01/01/2022;Jacques Krabal;0205
259;896.0;2700.0;523.0;5.16;105.0;18.0;64.0;22.0;41.0;45.0;6.0;vux;poletti_b;01/01/2022;Bérengère Poletti;0801
260;4957.0;27231.0;1374.0;19.82;283.0;5.0;54.0;41.0;36.0;62.0;3.0;lois;YaelBRAUNPIVET;01/01/2022;Yaël Braun-Pivet;7805
261;1179.0;3045.0;529.0;5.76;97.0;5.0;86.0;35.0;75.0;23.0;6.0;plus;JimmyPahun;01/01/2022;Jimmy Pahun;5602
262;455.0;2318.0;95.0;24.4;0.0;6.0;66.0;22.0;44.0;56.0;2.0;cest;becht_olivier;01/01/2022;Olivier Becht;6805
263;5927.0;2412.0;1329.0;1.81;165.0;9.0;94.0;45.0;79.0;24.0;3.0;lunanimit;MainaSage;01/01/2022;Maina Sage;098701
264;2425.0;3325.0;129.0;25.78;81.0;0.0;90.0;44.0;84.0;17.0;9.0;plus;claireopetit;01/01/2022;Claire O'Petit;2705
265;4016.0;6881.0;1442.0;4.77;172.0;1.0;64.0;46.0;16.0;84.0;4.0;plus;JCColasRoy;01/01/2022;Jean-Charles Colas-Roy;3802
266;5429.0;6135.0;1537.0;3.99;147.0;1.0;40.0;20.0;21.0;76.0;7.0;affaires;SabineThillaye;01/01/2022;Sabine Thillaye;3705
267;730.0;2577.0;365.0;7.06;79.0;0.0;51.0;37.0;36.0;63.0;3.0;cette;TrastourIsnart;01/01/2022;Laurence Trastour-Isnart;0606
268;2079.0;5270.0;332.0;15.87;116.0;0.0;53.0;77.0;51.0;49.0;2.0;heures;VincentThiebaut;01/01/2022;Vincent Thiébaut;6709
269;4502.0;5212.0;1259.0;4.14;119.0;0.0;86.0;35.0;84.0;15.0;6.0;plus;JeanPierrePont;01/01/2022;Jean-Pierre Pont;6205
270;3099.0;3663.0;313.0;11.7;128.0;1.0;41.0;35.0;23.0;72.0;5.0;jai;Anissa_Khedher;01/01/2022;Anissa Khedher;6907
271;0.0;0.0;0.0;0.0;0.0;0.0;0.0;0.0;0.0;0.0;0.0;0;NON;0;Jean-Yves Bony;1502
272;0.0;0.0;0.0;0.0;0.0;0.0;0.0;0.0;0.0;0.0;0.0;0;NON;0;Frédéric Reiss;6708
273;3889.0;5445.0;1220.0;4.46;134.0;10.0;67.0;33.0;41.0;57.0;1.0;contre;RaphaelGerard17;01/01/2022;Raphaël Gérard;1704
274;2127.0;12149.0;787.0;15.44;119.0;0.0;61.0;40.0;56.0;44.0;2.0;jai;BrunoBilde;01/01/2022;Bruno Bilde;6212
275;2438.0;15170.0;346.0;43.84;180.0;3.0;34.0;47.0;6.0;89.0;2.0;cest;SabineRubinFI93;01/01/2022;Sabine Rubin;9309
276;28597.0;83074.0;2178.0;38.14;616.0;1.0;76.0;35.0;61.0;33.0;6.0;cest;ericcoquerel;01/01/2022;Éric Coquerel;9301
277;2335.0;4806.0;1528.0;3.15;131.0;3.0;40.0;72.0;14.0;81.0;2.0;jai;J_M_Jacques;01/01/2022;Jean-Michel Jacques;5606
278;7267.0;9953.0;2953.0;3.37;157.0;1.0;48.0;55.0;28.0;73.0;2.0;rencontre;GuillaumeChiche;01/01/2022;Guillaume Chiche;7901
279;2793.0;4839.0;1679.0;2.88;147.0;0.0;76.0;22.0;64.0;36.0;13.0;cette;trudigoz;01/01/2022;Thomas Rudigoz;6901
280;6469.0;9487.0;595.0;15.94;145.0;2.0;98.0;41.0;94.0;7.0;7.0;cest;3807Limon;01/01/2022;Monique Limon;3807
281;7595.0;21447.0;3316.0;6.47;451.0;0.0;25.0;29.0;12.0;84.0;4.0;contre;guillaumegarot;01/01/2022;Guillaume Garot;5301
282;5881.0;5054.0;2194.0;2.3;117.0;2.0;79.0;24.0;74.0;30.0;8.0;cest;JCLarsonneur;01/01/2022;Jean-Charles Larsonneur;2902
283;12310.0;5586.0;2973.0;1.88;195.0;18.0;55.0;41.0;17.0;80.0;0.0;cest;erwanbalanant;01/01/2022;Erwan Balanant;2908
284;270.0;2240.0;263.0;8.52;74.0;1.0;71.0;32.0;64.0;37.0;2.0;matin;emmanuel_maquet;01/01/2022;Emmanuel Maquet;8003
285;4718.0;9895.0;672.0;14.72;165.0;0.0;53.0;38.0;40.0;49.0;14.0;cette;stephane1peu;01/01/2022;Stéphane Peu;9302
286;1232.0;4066.0;2210.0;1.84;101.0;4.0;58.0;32.0;22.0;69.0;3.0;colloque;BHammouche5708;01/01/2022;Brahim Hammouche;5708
287;1084.0;4092.0;2726.0;1.5;0.0;45.0;58.0;5.0;0.0;87.0;3.0;cest;MichelZumkeller;01/01/2022;Michel Zumkeller;9002
288;3641.0;5000.0;1378.0;3.63;119.0;2.0;66.0;58.0;49.0;55.0;2.0;cest;F_Charvier;01/01/2022;Fannette Charvier;2501
289;5766.0;9951.0;2242.0;4.44;101.0;14.0;71.0;19.0;46.0;41.0;11.0;sans;FabienDiFilippo;01/01/2022;Fabien Di Filippo;5704
290;8715.0;36071.0;603.0;59.82;266.0;22.0;52.0;9.0;3.0;71.0;8.0;comme;JulienAubert84;01/01/2022;Julien Aubert;8405
291;2625.0;4419.0;947.0;4.67;108.0;5.0;72.0;57.0;41.0;53.0;5.0;matin;ainakuric;01/01/2022;Aina Kuric;5102
292;22911.0;26751.0;4016.0;6.66;496.0;11.0;63.0;28.0;26.0;61.0;5.0;contre;pybournazel;01/01/2022;Pierre-Yves Bournazel;7518
293;7341.0;20755.0;2284.0;9.09;355.0;3.0;79.0;32.0;58.0;44.0;5.0;plus;Valerie_Rabault;01/01/2022;Valérie Rabault;8201
294;2117.0;3473.0;1104.0;3.15;93.0;1.0;54.0;56.0;18.0;83.0;0.0;cest;AFBrunet_4403;01/01/2022;Anne-France Brunet;4403
295;1054.0;4690.0;522.0;8.98;82.0;2.0;73.0;16.0;60.0;37.0;10.0;groupe;pacolombani;01/01/2022;Paul-André Colombani;2A02
296;6240.0;35070.0;498.0;70.42;362.0;0.0;23.0;29.0;8.0;81.0;9.0;vie;Fabien_Roussel;01/01/2022;Fabien Roussel;5920
297;3432.0;6713.0;3387.0;1.98;131.0;0.0;80.0;28.0;27.0;71.0;4.0;tous;BenoitSimian;01/01/2022;Benoit Simian;3305
298;4191.0;40379.0;2320.0;17.4;378.0;0.0;65.0;55.0;31.0;68.0;4.0;plus;GillesLeGendre;01/01/2022;Gilles Le Gendre;7502
299;6029.0;4965.0;1584.0;3.13;117.0;4.0;66.0;49.0;51.0;48.0;4.0;maire;ChrisCloarec;01/01/2022;Christine Cloarec-Le Nabour;3505
300;3944.0;3068.0;614.0;5.0;34.0;12.0;52.0;18.0;34.0;58.0;4.0;franais;mjidelguerrab;01/01/2022;M'jid El Guerrab;099909
301;788.0;3914.0;176.0;22.24;171.0;8.0;83.0;36.0;75.0;22.0;4.0;liberts;jmclement86;01/01/2022;Jean-Michel Clément;8603
302;12997.0;75575.0;1440.0;52.48;387.0;1.0;46.0;27.0;29.0;64.0;7.0;ans;mathildepanot;01/01/2022;Mathilde Panot;9410
303;9630.0;11824.0;504.0;23.46;333.0;1.0;86.0;24.0;79.0;25.0;3.0;cest;BrunoBonnellOff;01/01/2022;Bruno Bonnell;6906
304;7072.0;5832.0;2003.0;2.91;157.0;1.0;52.0;6.0;30.0;69.0;2.0;plus;cpiresbeaune;01/01/2022;Christine Pires Beaune;6302
305;4085.0;7605.0;1079.0;7.05;150.0;23.0;58.0;41.0;24.0;67.0;1.0;budget;alexIholroyd;01/01/2022;Alexandre Holroyd;099903
306;2773.0;4724.0;1370.0;3.45;122.0;26.0;83.0;30.0;50.0;42.0;5.0;cest;M_MeynierM;01/01/2022;Marjolaine Meynier-Millefert;3810
307;576.0;2012.0;157.0;12.82;141.0;1.0;12.0;30.0;11.0;82.0;1.0;ministre;JCBOUCHET;01/01/2022;Jean-Claude Bouchet;8402
308;1659.0;3470.0;813.0;4.27;107.0;1.0;40.0;31.0;11.0;80.0;9.0;retz;YHaury44;01/01/2022;Yannick Haury;4409
309;7996.0;5486.0;1111.0;4.94;128.0;22.0;90.0;26.0;60.0;39.0;5.0;cest;GaelLeBohec;01/01/2022;Gaël Le Bohec;3504
310;1913.0;3071.0;1109.0;2.77;165.0;0.0;11.0;1.0;8.0;91.0;0.0;jai;Fred_Barbier;01/01/2022;Frédéric Barbier;2504
311;31111.0;2673.0;339.0;7.88;200.0;0.0;100.0;29.0;99.0;6.0;11.0;tous;josypoueyto;01/01/2022;Josy Poueyto;6401
312;9339.0;3709.0;1431.0;2.59;195.0;7.0;77.0;42.0;30.0;64.0;6.0;merci;phbolo;01/01/2022;Philippe Bolo;4907
313;3945.0;4223.0;978.0;4.32;0.0;70.0;82.0;15.0;6.0;24.0;6.0;cest;DiardEric;01/01/2022;Éric Diard;1312
314;8784.0;36909.0;2233.0;16.53;401.0;6.0;49.0;31.0;32.0;52.0;17.0;france;GLarrive;01/01/2022;Guillaume Larrivé;8901
315;0.0;0.0;0.0;0.0;0.0;0.0;0.0;0.0;0.0;0.0;0.0;0;NON;0;Patrice Perrot;5802
316;4215.0;9207.0;1353.0;6.8;163.0;6.0;63.0;49.0;36.0;58.0;5.0;cest;cfabreAN;01/01/2022;Catherine Fabre;3302
317;1199.0;1172.0;554.0;2.12;59.0;1.0;34.0;24.0;28.0;67.0;4.0;runion;NadiaRamassamy;01/01/2022;Nadia Ramassamy;097406
318;2152.0;5165.0;366.0;14.11;111.0;1.0;44.0;24.0;31.0;55.0;7.0;cest;pdharreville;01/01/2022;Pierre Dharréville;1313
319;2814.0;7110.0;2261.0;3.14;122.0;11.0;57.0;34.0;3.0;83.0;6.0;merci;stephanie_rist;01/01/2022;Stéphanie Rist;4501
320;4901.0;22124.0;2123.0;10.42;266.0;1.0;29.0;15.0;6.0;91.0;0.0;france;huguesrenson;01/01/2022;Hugues Renson;7513
321;4045.0;5911.0;1038.0;5.69;122.0;0.0;59.0;60.0;36.0;63.0;6.0;plus;LabaronneDaniel;01/01/2022;Daniel Labaronne;3702
322;3171.0;2797.0;1039.0;2.69;89.0;1.0;45.0;19.0;23.0;68.0;1.0;jai;DeputeCausse;01/01/2022;Lionel Causse;4002
323;4697.0;6964.0;885.0;7.87;135.0;7.0;52.0;28.0;30.0;68.0;4.0;calendrier;ThierryMichels;01/01/2022;Thierry Michels;6701
324;8151.0;2729.0;1241.0;2.2;99.0;0.0;84.0;50.0;77.0;26.0;8.0;retrouvez;fgranjus;01/01/2022;Florence Granjus;7812
325;5723.0;15356.0;107.0;143.51;212.0;2.0;50.0;25.0;28.0;63.0;7.0;cest;AurelienPradie;01/01/2022;Aurélien Pradié;4601
326;3001.0;7549.0;785.0;9.62;142.0;2.0;52.0;38.0;17.0;77.0;7.0;heureux;JMaireofficiel;01/01/2022;Jacques Maire;9208
327;23261.0;282574.0;471.0;599.94;1901.0;0.0;17.0;43.0;13.0;78.0;5.0;plus;dupontaignan;01/01/2022;Nicolas Dupont-Aignan;9108
328;1429.0;1445.0;1047.0;1.38;62.0;2.0;88.0;21.0;71.0;29.0;5.0;cest;isabellerauch;01/01/2022;Isabelle Rauch;5709
329;1221.0;6236.0;745.0;8.37;118.0;1.0;83.0;30.0;59.0;39.0;6.0;cest;benoitpotterie;01/01/2022;Benoit Potterie;6208
330;1535.0;3635.0;1162.0;3.13;99.0;1.0;74.0;39.0;52.0;46.0;3.0;loi;christophe_p;01/01/2022;Paul Christophe;5914
331;1569.0;2392.0;978.0;2.45;82.0;10.0;46.0;30.0;13.0;83.0;2.0;enfants;marietamarelle;01/01/2022;Marie Tamarelle-Verhaeghe;2703
332;1767.0;7680.0;2073.0;3.7;138.0;10.0;57.0;32.0;29.0;64.0;2.0;matin;patrice_anato;01/01/2022;Patrice Anato;9303
333;875.0;4676.0;481.0;9.72;120.0;0.0;62.0;28.0;55.0;47.0;3.0;ministre;F_Lardet;01/01/2022;Frédérique Lardet;7402
334;16791.0;18726.0;14427.0;1.3;263.0;1.0;78.0;62.0;73.0;29.0;2.0;cette;Sebastien_Nadot;02/01/2022;Sébastien Nadot;3110
335;3576.0;7400.0;1401.0;5.28;0.0;0.0;80.0;48.0;59.0;45.0;5.0;loi;demoulinem;02/01/2022;Nicolas Démoulin;3408
336;705.0;2954.0;323.0;9.15;112.0;9.0;64.0;59.0;19.0;80.0;2.0;cette;JulienBorowczyk;02/01/2022;Julien Borowczyk;4206
337;3212.0;5596.0;995.0;5.62;117.0;3.0;71.0;29.0;48.0;49.0;7.0;cest;AVFreschi;02/01/2022;Alexandre Freschi;4702
338;2022.0;14782.0;1173.0;12.6;167.0;9.0;70.0;26.0;47.0;51.0;10.0;pnale;NaimaMoutchou;02/01/2022;Naïma Moutchou;9504
339;3225.0;10419.0;2138.0;4.87;0.0;5.0;69.0;46.0;37.0;63.0;5.0;plus;BCouillard33;02/01/2022;Bérangère Couillard;3307
340;1956.0;6216.0;3364.0;1.85;130.0;1.0;34.0;42.0;22.0;69.0;12.0;matin;CMUSCHOTTI;02/01/2022;Cécile Muschotti;8302
341;2244.0;3078.0;858.0;3.59;157.0;6.0;97.0;42.0;89.0;5.0;2.0;cest;HervePellois;02/01/2022;Hervé Pellois;5601
342;1858.0;3201.0;1641.0;1.95;118.0;3.0;67.0;49.0;52.0;49.0;5.0;cest;EPoulliat;02/01/2022;Éric Poulliat;3306
343;8316.0;47813.0;2063.0;23.18;604.0;0.0;87.0;26.0;80.0;20.0;6.0;france;G_Peltier;02/01/2022;Guillaume Peltier;4102
344;27193.0;118786.0;2156.0;55.1;872.0;10.0;58.0;31.0;39.0;47.0;9.0;cest;alexiscorbiere;02/01/2022;Alexis Corbière;9307
345;5631.0;10169.0;9862.0;1.03;151.0;1.0;79.0;42.0;67.0;32.0;1.0;cette;VincentLedoux59;02/01/2022;Vincent Ledoux;5910
346;3127.0;27193.0;1180.0;23.04;212.0;9.0;57.0;26.0;40.0;51.0;8.0;contre;elsafaucillon;02/01/2022;Elsa Faucillon;9201
347;13614.0;20930.0;1871.0;11.19;230.0;31.0;55.0;7.0;15.0;67.0;0.0;cette;moreaujb23;02/01/2022;Jean-Baptiste Moreau;2301
348;3971.0;2879.0;149.0;19.32;186.0;0.0;100.0;0.0;100.0;99.0;23.0;2019;PhilippeGomesCE;02/01/2022;Philippe Gomès;098802
349;569.0;2108.0;115.0;18.33;119.0;2.0;19.0;7.0;15.0;47.0;34.0;cest;didierquentin;02/01/2022;Didier Quentin;1705
350;2176.0;6481.0;2033.0;3.19;135.0;1.0;29.0;20.0;12.0;84.0;5.0;france;eguerelLREM;02/01/2022;Émilie Guerel;8307
351;10022.0;128307.0;1115.0;115.07;909.0;1.0;32.0;23.0;19.0;77.0;7.0;cest;Clem_Autain;02/01/2022;Clémentine Autain;9311
352;1492.0;3567.0;232.0;15.38;99.0;1.0;43.0;30.0;34.0;61.0;6.0;plus;Alain_Bruneel;02/01/2022;Alain Bruneel;5916
353;18852.0;13043.0;3517.0;3.71;214.0;3.0;52.0;43.0;15.0;83.0;1.0;plus;marinebrenier;02/01/2022;Marine Brenier;0605
354;161.0;1351.0;126.0;10.72;71.0;0.0;18.0;40.0;18.0;77.0;3.0;aujourdhui;VRolland73;02/01/2022;Vincent Rolland;7302
355;2436.0;2256.0;397.0;5.68;99.0;10.0;75.0;17.0;32.0;60.0;12.0;presse;GarciaLaxou;02/01/2022;Laurent Garcia;5402
356;0.0;0.0;0.0;0.0;0.0;0.0;0.0;0.0;0.0;0.0;0.0;0;NON;0;Gérard Menuel;1003
357;1621.0;6158.0;590.0;10.44;123.0;1.0;63.0;53.0;45.0;55.0;6.0;mission;MARSAUDSandra;02/01/2022;Sandra Marsaud;1602
358;4289.0;19393.0;1036.0;18.72;231.0;4.0;75.0;29.0;56.0;44.0;5.0;cest;MESNIERThomas;02/01/2022;Thomas Mesnier;1601
359;1984.0;1296.0;298.0;4.35;41.0;3.0;75.0;40.0;66.0;36.0;4.0;cest;dep_cubertafon;02/01/2022;Jean-Pierre Cubertafon;2403
360;10213.0;6725.0;1480.0;4.54;0.0;1.0;78.0;40.0;66.0;35.0;4.0;plus;MoniqueIborra;02/01/2022;Monique Iborra;3106
361;2792.0;9341.0;1343.0;6.96;191.0;0.0;100.0;18.0;100.0;5.0;16.0;kong;bernardreynes;02/01/2022;Bernard Reynès;1315
362;4642.0;4247.0;1513.0;2.81;180.0;4.0;29.0;32.0;9.0;59.0;19.0;matin;MORELPIERRE;02/01/2022;Pierre Morel-À-L'Huissier;4801
363;1836.0;5670.0;393.0;14.43;112.0;15.0;40.0;6.0;10.0;69.0;12.0;clermont;MaximeMinot;02/01/2022;Maxime Minot;6007
364;2156.0;7976.0;1215.0;6.56;127.0;6.0;70.0;36.0;42.0;53.0;4.0;tout;JFMBAYE;02/01/2022;Jean François Mbaye;9402
365;3312.0;2759.0;665.0;4.15;105.0;2.0;69.0;33.0;55.0;47.0;10.0;plus;nadiaessayan;02/01/2022;Nadia Essayan;1802
366;5077.0;8809.0;629.0;14.0;139.0;2.0;64.0;39.0;45.0;51.0;5.0;cest;EmilieCChalas;02/01/2022;Émilie Chalas;3803
367;3933.0;4055.0;2245.0;1.81;155.0;4.0;51.0;36.0;41.0;55.0;3.0;loi;ceciluntermaier;02/01/2022;Cécile Untermaier;7104
368;786.0;6514.0;235.0;27.72;215.0;0.0;19.0;12.0;11.0;67.0;19.0;jai;GillesCarrez;02/01/2022;Gilles Carrez;9405
369;12332.0;74622.0;1545.0;48.3;472.0;1.0;35.0;58.0;28.0;68.0;5.0;faut;Deputee_Obono;02/01/2022;Danièle Obono;7517
370;3356.0;5813.0;863.0;6.74;119.0;4.0;91.0;32.0;79.0;22.0;6.0;france;JLeclabart;02/01/2022;Jean-Claude Leclabart;8004
371;3820.0;7256.0;899.0;8.07;124.0;0.0;59.0;39.0;48.0;50.0;4.0;plus;MRobert_11;02/01/2022;Mireille Robert;1103
372;120.0;299.0;18.0;16.61;52.0;0.0;3.0;2.0;3.0;94.0;0.0;ils;AVilliers2017;02/01/2022;André Villiers;8902
373;72.0;166.0;62.0;2.68;32.0;2.0;34.0;40.0;17.0;20.0;32.0;gap;pascaleboyer05;02/01/2022;Pascale Boyer;0501
374;438.0;5996.0;246.0;24.37;111.0;1.0;45.0;40.0;37.0;62.0;1.0;contre;DeputeRatenon;02/01/2022;Jean-Hugues Ratenon;097405
375;3291.0;4503.0;1545.0;2.91;120.0;1.0;38.0;33.0;9.0;82.0;9.0;aujourdhui;StephaneBuchou;02/01/2022;Stéphane Buchou;8503
376;17932.0;9392.0;9088.0;1.03;269.0;0.0;100.0;36.0;99.0;21.0;6.0;contre;G_ROUILLARD;02/01/2022;Gwendal Rouillard;5605
377;1996.0;3957.0;1521.0;2.6;100.0;6.0;41.0;40.0;17.0;80.0;2.0;femmes;V_Faure_Muntian;02/01/2022;Valéria Faure-Muntian;4203
378;10711.0;6568.0;1202.0;5.46;204.0;0.0;74.0;21.0;61.0;40.0;12.0;cest;fdumasdeputee;02/01/2022;Françoise Dumas;3001
379;4688.0;14469.0;3491.0;4.14;213.0;3.0;55.0;31.0;27.0;67.0;8.0;france;PA_Anglade;02/01/2022;Pieyre-Alexandre Anglade;099904
380;0.0;0.0;0.0;0.0;0.0;0.0;0.0;0.0;0.0;0.0;0.0;0;NON;0;Florence Lasserre;6405
381;0.0;0.0;0.0;0.0;0.0;0.0;0.0;0.0;0.0;0.0;0.0;0;NON;0;Claire Guion-Firmin;097701
382;1267.0;1866.0;495.0;3.77;109.0;14.0;67.0;28.0;56.0;34.0;3.0;dput;jeromenury;02/01/2022;Jérôme Nury;6103
383;1719.0;3214.0;546.0;5.89;99.0;3.0;76.0;36.0;62.0;38.0;3.0;plus;XavierRoseren;02/01/2022;Xavier Roseren;7406
384;2938.0;4532.0;841.0;5.39;141.0;1.0;35.0;86.0;13.0;87.0;3.0;l#hrault;JFEliaou;02/01/2022;Jean-François Eliaou;3404
385;8100.0;4476.0;2232.0;2.01;100.0;0.0;85.0;28.0;72.0;26.0;11.0;fin;DinoCinieri;02/01/2022;Dino Cinieri;4204
386;3985.0;6269.0;1097.0;5.71;146.0;1.0;48.0;23.0;34.0;61.0;7.0;cest;RaconCathy;02/01/2022;Cathy Racon-Bouzon;1305
387;2140.0;4682.0;1374.0;3.41;121.0;5.0;69.0;47.0;45.0;54.0;2.0;franais;PascalBoisLaREM;02/01/2022;Pascal Bois;6003
388;7929.0;8078.0;1978.0;4.08;133.0;14.0;71.0;41.0;35.0;58.0;2.0;mieux;npouzyreff78;02/01/2022;Natalia Pouzyreff;7806
389;3495.0;4177.0;1027.0;4.07;179.0;5.0;59.0;66.0;8.0;79.0;11.0;merci;VeroLouwagie;02/01/2022;Véronique Louwagie;6102
390;2039.0;1384.0;17.0;81.41;77.0;1.0;4.0;1.0;3.0;95.0;0.0;dput;MaxMathiasin;02/01/2022;Max Mathiasin;097103
391;529.0;2025.0;232.0;8.73;112.0;9.0;73.0;24.0;36.0;62.0;1.0;trs;antoineherth;02/01/2022;Antoine Herth;6705
392;0.0;0.0;0.0;0.0;0.0;0.0;0.0;0.0;0.0;0.0;0.0;0;NON;0;Rémi Delatte;2102
393;6538.0;10283.0;2522.0;4.08;158.0;15.0;38.0;20.0;16.0;74.0;6.0;plus;dumasfrederique;02/01/2022;Frédérique Dumas;9213
394;10262.0;9236.0;4701.0;1.96;219.0;15.0;55.0;18.0;18.0;74.0;6.0;cest;al_petel;02/01/2022;Anne-Laurence Petel;1314
395;8554.0;35370.0;1659.0;21.32;417.0;10.0;56.0;35.0;18.0;73.0;4.0;merci;LaetitiaAvia;02/01/2022;Laetitia Avia;7508
396;2916.0;3671.0;1030.0;3.56;141.0;5.0;81.0;45.0;71.0;25.0;6.0;lanave;GiseleBiemouret;02/01/2022;Gisèle Biémouret;3202
397;0.0;0.0;0.0;0.0;0.0;0.0;0.0;0.0;0.0;0.0;0.0;0;josette_manin;0;Josette Manin;097201
398;590.0;630.0;77.0;8.18;52.0;0.0;98.0;34.0;100.0;6.0;1.0;cette;nicole_sanquer;02/01/2022;Nicole Sanquer;098702
399;2111.0;7320.0;619.0;11.83;158.0;4.0;31.0;15.0;8.0;91.0;1.0;prix;anthonycellier;02/01/2022;Anthony Cellier;3003
400;831.0;1777.0;230.0;7.73;54.0;13.0;53.0;39.0;24.0;66.0;9.0;mayotte;Kamardine_M;02/01/2022;Mansour Kamardine;097602
401;2229.0;2967.0;498.0;5.96;102.0;2.0;73.0;45.0;47.0;53.0;2.0;cest;bru_vincent;02/01/2022;Vincent Bru;6406
402;157.0;1583.0;239.0;6.62;79.0;0.0;65.0;51.0;50.0;40.0;9.0;matin;JL_Reitzer;02/01/2022;Jean-Luc Reitzer;6803
403;14022.0;27566.0;3824.0;7.21;467.0;1.0;98.0;12.0;97.0;7.0;23.0;france;solere92;02/01/2022;Thierry Solère;9209
404;11366.0;9571.0;1560.0;6.14;165.0;24.0;77.0;14.0;47.0;48.0;4.0;cest;AGenetet;02/01/2022;Anne Genetet;099911
405;391.0;3629.0;907.0;4.0;106.0;20.0;74.0;34.0;41.0;53.0;2.0;visite;HenrietPierre;02/01/2022;Pierre Henriet;8505
406;37144.0;131015.0;1224.0;107.04;706.0;0.0;68.0;54.0;63.0;32.0;10.0;rendezvous;AQuatennens;02/01/2022;Adrien Quatennens;5901
407;5209.0;16186.0;1151.0;14.06;213.0;0.0;73.0;26.0;38.0;53.0;13.0;candidats;AnnieGenevard;02/01/2022;Annie Genevard;2505
408;8974.0;6285.0;2775.0;2.26;266.0;4.0;63.0;73.0;33.0;64.0;1.0;cest;AlbaneGaillot;02/01/2022;Albane Gaillot;9411
409;854.0;6794.0;939.0;7.24;211.0;14.0;61.0;21.0;32.0;56.0;5.0;cette;OlivierFalorni;02/01/2022;Olivier Falorni;1701
410;3548.0;3470.0;397.0;8.74;98.0;15.0;77.0;31.0;49.0;51.0;4.0;cest;MonicaMichel_Of;02/01/2022;Monica Michel-Brassart;1316
411;786.0;1943.0;595.0;3.27;91.0;5.0;83.0;31.0;81.0;20.0;5.0;plus;LDumontDeputee;02/01/2022;Laurence Dumont;1402
412;2333.0;5097.0;667.0;7.64;115.0;13.0;61.0;45.0;34.0;67.0;4.0;rapport;BeaudouinSo;02/01/2022;Sophie Beaudouin-Hubiere;8701
413;0.0;0.0;0.0;0.0;0.0;0.0;0.0;0.0;0.0;0.0;0.0;0;NON;0;Jean-Louis Touraine;6903
414;4439.0;3211.0;423.0;7.59;120.0;0.0;75.0;23.0;68.0;30.0;1.0;jai;etoututpicard;02/01/2022;Élisabeth Toutut-Picard;3107
415;1634.0;5232.0;488.0;10.72;129.0;3.0;57.0;47.0;24.0;66.0;8.0;cette;NicoleLePeih;02/01/2022;Nicole Le Peih;5603
416;8887.0;8378.0;1315.0;6.37;167.0;0.0;90.0;32.0;76.0;25.0;4.0;ans;brunostuder67;02/01/2022;Bruno Studer;6703
417;25307.0;9643.0;5024.0;1.92;569.0;5.0;77.0;48.0;67.0;29.0;7.0;cest;dbaichere;02/01/2022;Didier Baichère;7801
418;8045.0;8446.0;1562.0;5.41;197.0;3.0;55.0;45.0;25.0;67.0;5.0;tous;LMaillart;02/01/2022;Laurence Maillart-Méhaignerie;3502
419;3807.0;7953.0;1010.0;7.87;139.0;1.0;84.0;28.0;76.0;24.0;3.0;plus;beatricepiron;02/01/2022;Béatrice Piron;7803
420;71.0;407.0;106.0;3.84;38.0;2.0;16.0;17.0;2.0;13.0;10.0;victorin;HeleneVainqueur;02/01/2022;Hélène Vainqueur-Christophe;097104
421;3300.0;7428.0;377.0;19.7;131.0;3.0;51.0;34.0;24.0;71.0;6.0;faire;perrinegoulet;02/01/2022;Perrine Goulet;5801
422;4409.0;9717.0;1546.0;6.29;129.0;3.0;57.0;31.0;27.0;71.0;11.0;chi;JF_Acquaviva;02/01/2022;Jean-Félix Acquaviva;2B02
423;2497.0;7756.0;1528.0;5.08;156.0;5.0;51.0;68.0;17.0;79.0;4.0;soutien;DominiqueDavid_;02/01/2022;Dominique David;3301
424;2234.0;6781.0;2042.0;3.32;121.0;0.0;47.0;52.0;26.0;72.0;2.0;matin;XavierBatut;02/01/2022;Xavier Batut;7610
425;609.0;3423.0;231.0;14.82;194.0;0.0;45.0;41.0;36.0;46.0;5.0;ardennes;warsmann;02/01/2022;Jean-Luc Warsmann;0803
426;0.0;0.0;0.0;0.0;0.0;0.0;0.0;0.0;0.0;0.0;0.0;0;StTRAVERT;0;Stéphane Travert;5003
427;1676.0;4821.0;793.0;6.08;126.0;1.0;66.0;48.0;28.0;72.0;1.0;cest;AudeAmadou;02/01/2022;Aude Amadou;4404
428;9879.0;78358.0;3878.0;20.21;1330.0;1.0;82.0;50.0;75.0;21.0;10.0;cest;delphinebatho;02/01/2022;Delphine Batho;7902
429;9518.0;4627.0;3724.0;1.24;164.0;8.0;47.0;82.0;5.0;92.0;2.0;izards;jeanluclagleize;02/01/2022;Jean-Luc Lagleize;3102
430;2643.0;3518.0;1616.0;2.18;130.0;2.0;69.0;29.0;41.0;52.0;6.0;rapport;RichardLioger;02/01/2022;Richard Lioger;5703
431;1438.0;13819.0;504.0;27.42;157.0;1.0;45.0;47.0;20.0;79.0;4.0;femmes;BenedictTaurine;02/01/2022;Bénédicte Taurine;0901
432;4519.0;5014.0;1188.0;4.22;145.0;0.0;48.0;46.0;35.0;61.0;8.0;cest;AnneBrugnera;02/01/2022;Anne Brugnera;6904
433;3269.0;4024.0;3891.0;1.03;187.0;4.0;64.0;35.0;49.0;43.0;19.0;cest;yves_blein;02/01/2022;Yves Blein;6914
434;3636.0;5950.0;2850.0;2.09;138.0;1.0;85.0;40.0;37.0;61.0;7.0;live;OlgaGivernet;02/01/2022;Olga Givernet;0103
435;3280.0;6132.0;1094.0;5.61;115.0;14.0;61.0;25.0;22.0;73.0;3.0;cette;dhoubron1759;02/01/2022;Dimitri Houbron;5917
436;2353.0;4830.0;1085.0;4.45;214.0;7.0;71.0;43.0;49.0;44.0;4.0;jai;ericalauzet;02/01/2022;Éric Alauzet;2502
437;1166.0;2162.0;365.0;5.92;131.0;0.0;77.0;17.0;66.0;43.0;10.0;matin;BJoncour;02/01/2022;Bruno Joncour;2201
438;2366.0;2398.0;364.0;6.59;92.0;3.0;29.0;6.0;12.0;72.0;5.0;rgion;FabriceBrun;02/01/2022;Fabrice Brun;0703
439;0.0;0.0;0.0;0.0;0.0;0.0;0.0;0.0;0.0;0.0;0.0;0;NON;0;Jean-Philippe Nilor;097204
440;12488.0;7191.0;2339.0;3.07;191.0;24.0;76.0;38.0;25.0;61.0;11.0;quand;JeanMichelMIS;02/01/2022;Jean-Michel Mis;4202
441;934.0;614.0;142.0;4.32;45.0;0.0;42.0;30.0;41.0;55.0;5.0;dputs;J_Corneloup;02/01/2022;Josiane Corneloup;7102
442;1735.0;1977.0;771.0;2.56;92.0;1.0;68.0;29.0;58.0;36.0;7.0;plus;Kerlogot22;02/01/2022;Yannick Kerlogot;2204
443;1399.0;5119.0;536.0;9.55;130.0;0.0;43.0;21.0;1.0;98.0;1.0;matin;BenjaminDirx;02/01/2022;Benjamin Dirx;7101
444;2403.0;4550.0;819.0;5.56;122.0;1.0;55.0;43.0;44.0;57.0;2.0;mesures;stelladupont;02/01/2022;Stella Dupont;4902
445;3653.0;15409.0;872.0;17.67;196.0;7.0;38.0;9.0;25.0;75.0;3.0;animal;loicdombreval;02/01/2022;Loïc Dombreval;0602
446;1600.0;2132.0;66.0;32.3;103.0;4.0;17.0;51.0;12.0;82.0;3.0;ministre;DelponMichelEM;02/01/2022;Michel Delpon;2402
447;8260.0;4200.0;794.0;5.29;139.0;4.0;59.0;38.0;44.0;59.0;6.0;lot;Huguette_Tiegna;02/01/2022;Huguette Tiegna;4602
448;1219.0;2261.0;458.0;4.94;95.0;19.0;49.0;21.0;27.0;57.0;4.0;cest;JP_Dufregne;02/01/2022;Jean-Paul Dufrègne;0301
449;3571.0;6819.0;2810.0;2.43;133.0;0.0;79.0;49.0;68.0;33.0;7.0;cest;hub_laferriere;02/01/2022;Hubert Julien-Laferrière;6902
450;24234.0;47322.0;10233.0;4.62;598.0;4.0;72.0;26.0;58.0;35.0;5.0;soutien;M_Orphelin;02/01/2022;Matthieu Orphelin;4901
451;17882.0;21548.0;2164.0;9.96;394.0;0.0;96.0;16.0;89.0;10.0;4.0;france;SebastienHuyghe;02/01/2022;Sébastien Huyghe;5905
452;3759.0;4394.0;1245.0;3.53;154.0;0.0;71.0;31.0;26.0;75.0;0.0;matin;jjbridey94260;02/01/2022;Jean-Jacques Bridey;9407
453;4757.0;6441.0;1054.0;6.11;185.0;3.0;63.0;50.0;51.0;46.0;5.0;cest;bruno_fuchs;02/01/2022;Bruno Fuchs;6806
454;830.0;4262.0;763.0;5.59;106.0;7.0;94.0;32.0;80.0;18.0;5.0;plus;zivkapark;02/01/2022;Zivka Park;9509
455;5310.0;1428.0;520.0;2.75;98.0;0.0;89.0;39.0;86.0;16.0;8.0;2022;SophieMette1;02/01/2022;Sophie Mette;3309
456;3549.0;4169.0;1854.0;2.25;104.0;0.0;30.0;43.0;17.0;84.0;1.0;depuis;DoStephanie_77;02/01/2022;Stéphanie Do;7710
457;0.0;0.0;0.0;0.0;0.0;0.0;0.0;0.0;0.0;0.0;0.0;0;NON;0;Marie-George Buffet;9304
458;7179.0;29704.0;967.0;30.72;262.0;6.0;62.0;35.0;42.0;54.0;6.0;cette;PrudhommeLoic;02/01/2022;Loïc Prud'homme;3303
459;5091.0;99750.0;944.0;105.67;722.0;50.0;91.0;22.0;33.0;61.0;0.0;politique;VillaniCedric;02/01/2022;Cédric Villani;9105
460;577.0;1869.0;1301.0;1.44;65.0;7.0;38.0;44.0;22.0;73.0;4.0;jai;Justine_BENIN;02/01/2022;Justine Benin;097102
461;17913.0;373126.0;2634.0;141.66;1566.0;0.0;52.0;14.0;16.0;79.0;9.0;cest;CCastaner;02/01/2022;Christophe Castaner;0402
462;1961.0;6782.0;3593.0;1.89;195.0;4.0;55.0;9.0;35.0;55.0;11.0;rgion;b_perrut;02/01/2022;Bernard Perrut;6909
463;9381.0;14520.0;3684.0;3.94;195.0;2.0;68.0;58.0;36.0;58.0;6.0;cest;celinecalvez;02/01/2022;Céline Calvez;9205
464;1062.0;6234.0;772.0;8.08;138.0;0.0;70.0;26.0;52.0;44.0;6.0;contre;AliceThourot;02/01/2022;Alice Thourot;2602
465;606.0;2940.0;2360.0;1.25;103.0;4.0;80.0;20.0;71.0;21.0;7.0;michel;BonnivardE;02/01/2022;Émilie Bonnivard;7303
466;332.0;1852.0;230.0;8.05;80.0;2.0;63.0;38.0;57.0;36.0;14.0;cest;MichelVialay;02/01/2022;Michel Vialay;7808
467;2652.0;22522.0;904.0;24.91;253.0;1.0;57.0;30.0;47.0;51.0;10.0;plus;duboschristelle;02/01/2022;Christelle Dubos;3312
468;0.0;0.0;0.0;0.0;0.0;0.0;0.0;0.0;0.0;0.0;0.0;0;NON;0;Danièle Cazarian;6913
469;1785.0;2621.0;885.0;2.96;97.0;0.0;70.0;51.0;41.0;59.0;5.0;aujourdhui;Vthomas_63;02/01/2022;Valérie Thomas;6301
470;2270.0;2344.0;573.0;4.09;126.0;2.0;45.0;80.0;10.0;90.0;0.0;france;LilianeTanguyAN;02/01/2022;Liliana Tanguy;2907
471;1276.0;6144.0;1426.0;4.31;229.0;1.0;57.0;31.0;34.0;67.0;0.0;merci;SophieErrante;02/01/2022;Sophie Errante;4410
472;4642.0;2345.0;1344.0;1.74;96.0;2.0;70.0;38.0;51.0;49.0;8.0;contre;Tuffnell17;02/01/2022;Frédérique Tuffnell;1702
473;2158.0;5352.0;1287.0;4.16;113.0;5.0;26.0;49.0;15.0;77.0;4.0;cette;XavierPalu2017;02/01/2022;Xavier Paluszkiewicz;5403
474;828.0;2551.0;424.0;6.02;90.0;0.0;0.0;0.0;0.0;93.0;2.0;jai;ViryStephane;02/01/2022;Stéphane Viry;8801
475;2132.0;7323.0;992.0;7.38;134.0;1.0;51.0;48.0;23.0;76.0;1.0;merci;DDaSilva95;02/01/2022;Dominique Da Silva;9507
476;2333.0;3669.0;1767.0;2.08;100.0;2.0;80.0;31.0;76.0;21.0;9.0;cest;JeanMarieFIEVET;02/01/2022;Jean-Marie Fiévet;7903
477;6511.0;2972.0;1826.0;1.63;100.0;0.0;89.0;38.0;88.0;17.0;7.0;france;MDeprezAudebert;02/01/2022;Marguerite Deprez-Audebert;6209
478;676.0;3175.0;1140.0;2.79;118.0;1.0;45.0;15.0;14.0;88.0;3.0;entreprises;Typhanie_Degois;02/01/2022;Typhanie Degois;7301
479;2054.0;1921.0;237.0;8.11;81.0;3.0;76.0;26.0;57.0;45.0;1.0;france;NicoleTrisse;02/01/2022;Nicole Trisse;5705
480;1359.0;4466.0;1258.0;3.55;114.0;0.0;56.0;44.0;37.0;66.0;2.0;embauches;fdescrozaille;02/01/2022;Frédéric Descrozaille;9401
481;1166.0;2220.0;850.0;2.61;55.0;0.0;100.0;32.0;100.0;3.0;17.0;cest;l_saintpaul;02/01/2022;Laetitia Saint-Paul;4904
482;2012.0;1576.0;912.0;1.73;52.0;3.0;81.0;37.0;67.0;35.0;0.0;contre;beadescamps;02/01/2022;Béatrice Descamps;5921
483;0.0;0.0;0.0;0.0;0.0;0.0;0.0;0.0;0.0;0.0;0.0;0;NON;0;Cendra Motin;3806
484;120.0;656.0;120.0;5.47;52.0;27.0;70.0;21.0;45.0;38.0;6.0;dput;Moetai1;02/01/2022;Moetai Brotherson;098703
485;2202.0;1126.0;862.0;1.31;53.0;0.0;96.0;38.0;93.0;8.0;1.0;plus;jean_ardouin;02/01/2022;Jean-Philippe Ardouin;1703
486;4929.0;8572.0;1661.0;5.16;156.0;7.0;94.0;30.0;84.0;13.0;4.0;militants;oliviermarleix;02/01/2022;Olivier Marleix;2802
487;1119.0;3766.0;551.0;6.83;111.0;1.0;92.0;29.0;76.0;23.0;4.0;prsident;DipompeoChrist;02/01/2022;Christophe Di Pompeo;5903
488;4154.0;7785.0;1147.0;6.79;141.0;10.0;33.0;39.0;12.0;86.0;0.0;comme;EmilieCariou;02/01/2022;Émilie Cariou;5502
489;1873.0;4569.0;881.0;5.19;139.0;0.0;59.0;33.0;23.0;77.0;2.0;jai;SandrineMorch;02/01/2022;Sandrine Mörch;3109
490;2088.0;2937.0;1118.0;2.63;144.0;2.0;63.0;52.0;36.0;63.0;4.0;cest;s_mazars;02/01/2022;Stéphane Mazars;1201
491;6932.0;5808.0;1639.0;3.54;155.0;1.0;87.0;33.0;75.0;21.0;8.0;barnier;patrickhetzel;02/01/2022;Patrick Hetzel;6707
492;3805.0;8230.0;2473.0;3.33;143.0;10.0;74.0;52.0;50.0;50.0;0.0;cette;clapotmireille;02/01/2022;Mireille Clapot;2601
493;7497.0;8507.0;2192.0;3.88;135.0;15.0;71.0;15.0;43.0;50.0;1.0;plus;ALouisDeputee13;02/01/2022;Alexandra Louis;1303
494;258.0;1768.0;595.0;2.97;115.0;0.0;92.0;64.0;92.0;33.0;27.0;autun;RRebeyrotte;02/01/2022;Rémy Rebeyrotte;7103
495;6405.0;4472.0;709.0;6.31;109.0;6.0;64.0;46.0;50.0;44.0;6.0;ans;EricPAUGET1;02/01/2022;Éric Pauget;0607
496;11397.0;99829.0;1691.0;59.04;923.0;2.0;56.0;54.0;42.0;58.0;2.0;franais;RichardFerrand;02/01/2022;Richard Ferrand;2906
497;9427.0;16366.0;8087.0;2.02;454.0;3.0;71.0;34.0;51.0;48.0;4.0;ans;PaulaForteza;02/01/2022;Paula Forteza;099902
498;11303.0;7988.0;3608.0;2.21;159.0;30.0;66.0;23.0;12.0;73.0;2.0;cest;fchouat;02/01/2022;Francis Chouat;9101
499;1251.0;1044.0;794.0;1.31;26.0;6.0;46.0;39.0;27.0;62.0;9.0;loi;six_valerie;02/01/2022;Valérie Six;5907
500;0.0;0.0;0.0;0.0;0.0;0.0;0.0;0.0;0.0;0.0;0.0;0;NON;0;Philippe Meyer;6706
501;3582.0;3408.0;1177.0;2.9;60.0;0.0;74.0;56.0;67.0;18.0;20.0;calendrier;flprovendier;02/01/2022;Florence Provendier;9210
502;0.0;0.0;0.0;0.0;0.0;0.0;0.0;0.0;0.0;0.0;0.0;0;NON;0;Christophe Leclercq;6206
503;3201.0;2310.0;886.0;2.61;75.0;7.0;68.0;28.0;49.0;37.0;7.0;ministre;adrienmorenas;02/01/2022;Adrien Morenas;8403
504;0.0;0.0;0.0;0.0;0.0;0.0;0.0;0.0;0.0;0.0;0.0;0;NON;0;Robert Therry;6204
505;1945.0;701.0;447.0;1.57;27.0;2.0;62.0;70.0;38.0;64.0;4.0;via;ploiseau85;02/01/2022;Patrick Loiseau;8502
506;0.0;0.0;0.0;0.0;0.0;0.0;0.0;0.0;0.0;0.0;0.0;0;NON;0;Jean-Luc Bourgeaux;3507
507;586.0;1159.0;175.0;6.62;107.0;1.0;23.0;11.0;17.0;82.0;1.0;outremer;sclaireaux;02/01/2022;Stéphane Claireaux;097501
508;909.0;1723.0;998.0;1.73;55.0;26.0;80.0;33.0;32.0;53.0;6.0;cette;fabien_laine;02/01/2022;Fabien Lainé;4001
509;6623.0;3001.0;1045.0;2.87;79.0;5.0;72.0;30.0;51.0;42.0;6.0;cest;severine_gipson;02/01/2022;Séverine Gipson;2701
510;5834.0;2058.0;1623.0;1.27;34.0;29.0;84.0;35.0;42.0;41.0;11.0;cest;FMorlighem;02/01/2022;Florence Morlighem;5911
511;747.0;1858.0;130.0;14.29;45.0;2.0;48.0;69.0;22.0;73.0;3.0;jai;FranceLorho;02/01/2022;Marie-France Lorho;8404
512;999.0;1689.0;1317.0;1.28;25.0;2.0;60.0;52.0;12.0;82.0;8.0;merci;GeismarLuc;02/01/2022;Luc Geismar;4405
513;1427.0;939.0;199.0;4.72;30.0;3.0;94.0;25.0;87.0;13.0;9.0;plus;PierreVenteau;02/01/2022;Pierre Venteau;8702
514;2419.0;2703.0;763.0;3.54;42.0;4.0;60.0;37.0;38.0;52.0;7.0;cette;DeputeeBPetelle;02/01/2022;Bénédicte Pételle;9202
515;1099.0;934.0;268.0;3.49;28.0;0.0;52.0;24.0;25.0;75.0;1.0;cts;GalliardM;02/01/2022;Camille Galliard-Minier;3801
516;48.0;98.0;2.0;49.0;19.0;2.0;14.0;19.0;1.0;47.0;0.0;dput;SylvainBrial;02/01/2022;Sylvain Brial;098601
517;1443.0;559.0;246.0;2.27;22.0;1.0;76.0;30.0;73.0;14.0;17.0;semaine;c_delpirou;02/01/2022;Cécile Delpirou;8002
518;2559.0;2008.0;1630.0;1.23;46.0;2.0;14.0;44.0;4.0;90.0;0.0;lassemble;StephanieAtger;02/01/2022;Stéphanie Atger;9106
519;302.0;520.0;391.0;1.33;12.0;3.0;81.0;25.0;65.0;31.0;2.0;loi;victory_michele;02/01/2022;Michèle Victory;0702
520;18808.0;3257.0;1333.0;2.44;53.0;0.0;70.0;29.0;67.0;29.0;8.0;plus;catherinepujol1;02/01/2022;Catherine Pujol;6602
521;1152.0;2095.0;713.0;2.94;53.0;6.0;93.0;38.0;86.0;14.0;5.0;mission;antoine7595;02/01/2022;Antoine Savignat;9501
522;10940.0;2835.0;1212.0;2.34;157.0;4.0;67.0;36.0;55.0;42.0;4.0;budget;SylvieTolmont;02/01/2022;Sylvie Tolmont;7204
523;4324.0;6239.0;3552.0;1.76;98.0;17.0;62.0;7.0;24.0;65.0;2.0;europenne;JL_Thieriot;02/01/2022;Jean-Louis Thiériot;7703
524;0.0;0.0;0.0;0.0;0.0;0.0;0.0;0.0;0.0;0.0;0.0;0;NON;0;Jean-Luc Poudroux;097407
525;0.0;0.0;0.0;0.0;0.0;0.0;0.0;0.0;0.0;0.0;0.0;0;NON;0;Nathalie Porte;1403
526;62.0;173.0;101.0;1.71;8.0;0.0;25.0;40.0;14.0;44.0;2.0;jai;KeclardManuela;02/01/2022;Manuéla Kéclard-Mondésir;097202
527;747.0;961.0;172.0;5.59;33.0;0.0;82.0;40.0;66.0;36.0;1.0;cest;P_Lemoine;02/01/2022;Patricia Lemoine;7705
528;128.0;235.0;53.0;4.43;18.0;2.0;43.0;24.0;35.0;56.0;9.0;tous;ClaireBouchet05;02/01/2022;Claire Bouchet;0502
529;6214.0;2769.0;1442.0;1.92;108.0;22.0;91.0;30.0;55.0;28.0;10.0;cest;pascalbrindeau;02/01/2022;Pascal Brindeau;4103
530;270.0;718.0;338.0;2.12;24.0;5.0;24.0;20.0;8.0;80.0;11.0;plus;fballetblu;02/01/2022;Françoise Ballet-Blu;8601
531;0.0;0.0;0.0;0.0;0.0;0.0;0.0;0.0;0.0;0.0;0.0;0;NON;0;Stéphane Vojetta;099905
532;410.0;586.0;559.0;1.05;22.0;12.0;34.0;7.0;12.0;69.0;9.0;jai;SBouchetB;02/01/2022;Sylvie Bouchet Bellecourt;7702
533;702.0;1661.0;794.0;2.09;18.0;2.0;66.0;42.0;43.0;56.0;5.0;jai;ZITOUNISouad3;02/01/2022;Souad Zitouni;8401
534;938.0;1075.0;573.0;1.88;29.0;1.0;64.0;52.0;57.0;42.0;0.0;jai;claudia_rouaux;02/01/2022;Claudia Rouaux;3503
535;574.0;349.0;132.0;2.64;22.0;1.0;94.0;25.0;80.0;22.0;5.0;plus;NathalieSerre;02/01/2022;Nathalie Serre;6908
536;2460.0;6390.0;1472.0;4.34;69.0;2.0;20.0;33.0;13.0;81.0;8.0;macron;NMeizonnet;02/01/2022;Nicolas Meizonnet;3002
537;2724.0;2224.0;1474.0;1.51;33.0;2.0;85.0;46.0;53.0;46.0;1.0;paris;SBoelle;02/01/2022;Sandra Boëlle;7514
538;486.0;552.0;353.0;1.56;21.0;0.0;9.0;35.0;2.0;96.0;2.0;loi;PNaillet;02/01/2022;Philippe Naillet;097401
539;107.0;354.0;399.0;0.89;9.0;0.0;64.0;53.0;47.0;48.0;4.0;loi;ChantalJourdan;02/01/2022;Chantal Jourdan;6101
540;261.0;416.0;188.0;2.21;19.0;0.0;40.0;25.0;3.0;95.0;2.0;matin;AudibertEdith;02/01/2022;Edith Audibert;8303
541;77.0;128.0;43.0;2.98;9.0;10.0;16.0;24.0;3.0;54.0;10.0;matin;BouleyBernard;02/01/2022;Bernard Bouley;9102
542;2029.0;1252.0;446.0;2.81;21.0;6.0;44.0;52.0;9.0;84.0;5.0;matin;CorceiroDavid;02/01/2022;David Corceiro;9506
543;10427.0;3273.0;3942.0;0.83;43.0;2.0;78.0;59.0;45.0;57.0;5.0;cest;Mariesilin;02/01/2022;Marie Silin;7512
544;4929.0;626.0;985.0;0.64;24.0;0.0;96.0;33.0;96.0;3.0;7.0;cest;sylv1templier;02/01/2022;Sylvain Templier;5201
545;894.0;1013.0;475.0;2.13;18.0;5.0;73.0;32.0;57.0;40.0;0.0;cest;LeseulG;02/01/2022;Gérard Leseul;7605
546;5803.0;3122.0;908.0;3.44;68.0;33.0;69.0;27.0;11.0;64.0;7.0;merci;PhilipBenassaya;02/01/2022;Philippe Benassaya;7811
547;10037.0;3117.0;1361.0;2.29;54.0;1.0;46.0;31.0;14.0;84.0;3.0;demain;AnneLaureBlin;02/01/2022;Anne-Laure Blin;4903
548;1362.0;1442.0;662.0;2.18;28.0;8.0;48.0;22.0;33.0;54.0;18.0;bilan;YvesHemedinger;02/01/2022;Yves Hemedinger;6801
549;5352.0;2842.0;1955.0;1.45;46.0;3.0;84.0;26.0;69.0;29.0;4.0;matin;isasantiago_94;02/01/2022;Isabelle Santiago;9409
550;206.0;2508.0;168.0;14.93;13.0;5.0;40.0;23.0;25.0;67.0;6.0;femmes;KarineLebon;02/01/2022;Karine Lebon;097402
551;2051.0;3413.0;2601.0;1.31;51.0;0.0;67.0;44.0;40.0;58.0;3.0;cest;JuRavier;02/01/2022;Julien Ravier;1301
552;0.0;0.0;0.0;0.0;0.0;0.0;0.0;0.0;0.0;0.0;0.0;0;NON;0;Grégory Labille;8005
553;1176.0;1080.0;765.0;1.41;15.0;5.0;58.0;46.0;21.0;80.0;2.0;cette;MRoquesetienne;02/01/2022;Muriel Roques-Etienne;8101
554;0.0;0.0;0.0;0.0;0.0;0.0;0.0;0.0;0.0;0.0;0.0;0;NON;0;Maud Gatel;7511
555;0.0;0.0;0.0;0.0;0.0;0.0;0.0;0.0;0.0;0.0;0.0;0;NON;0;Catherine Daufès-Roux;3005
556;0.0;0.0;0.0;0.0;0.0;0.0;0.0;0.0;0.0;0.0;0.0;0;NON;0;Myriane Houplain;6210
557;0.0;0.0;0.0;0.0;0.0;0.0;0.0;0.0;0.0;0.0;0.0;0;NON;0;Luc Lamirault;2803
558;0.0;0.0;0.0;0.0;0.0;0.0;0.0;0.0;0.0;0.0;0.0;0;NON;0;Christelle Petex-Levet;7403
559;3589.0;5471.0;1868.0;2.93;42.0;13.0;87.0;22.0;43.0;53.0;3.0;gauche;lamiaela;02/01/2022;Lamia El Aaraje;7515
560;64.0;241.0;188.0;1.28;5.0;0.0;29.0;27.0;22.0;35.0;12.0;maire;SMetadier;02/01/2022;Sophie Métadier;3703
561;0.0;0.0;0.0;0.0;0.0;0.0;0.0;0.0;0.0;0.0;0.0;0;NON;0;Victor Habert-Dassault;6001
